scraped_at,platform,city,zone,zone_type,address_id,address,product,restaurant,available,product_price_mxn,delivery_fee_mxn,service_fee_mxn,discount_mxn,eta_min_minutes,eta_max_minutes,final_total_mxn,evidence_url,notes,eta_avg_minutes,fee_total_mxn,is_rappi,rappi_total,rappi_eta,rappi_fees,total_gap_vs_rappi_pct,eta_gap_vs_rappi_min,fee_gap_vs_rappi_pct
2026-05-04T21:50:03.401267+00:00,Uber Eats,Ciudad de Mexico,Roma Norte,alta demanda,MXCDMX-001,"Av. Alvaro Obregon 120, Roma Norte, CDMX",Big Mac,McDonald's,True,97.69,34.96,9.77,0.0,34.0,42.0,142.42,,reproducible_seed_dataset,38.0,44.730000000000004,False,124.49,25.0,36.26,-0.12589523943266392,-13.0,-0.18935837245696413
2026-05-04T21:50:03.401267+00:00,Uber Eats,Ciudad de Mexico,Roma Norte,alta demanda,MXCDMX-001,"Av. Alvaro Obregon 120, Roma Norte, CDMX",Combo mediano,McDonald's,True,152.01,33.46,15.2,24.32,31.0,43.0,176.35,,reproducible_seed_dataset,37.0,48.66,False,184.33,22.0,35.46,0.04525092146299982,-15.0,-0.2712700369913686
2026-05-04T21:50:03.401267+00:00,Uber Eats,Ciudad de Mexico,Roma Norte,alta demanda,MXCDMX-001,"Av. Alvaro Obregon 120, Roma Norte, CDMX",Nuggets 10 piezas,McDonald's,True,118.0,18.76,11.8,0.0,35.0,43.0,148.56,,reproducible_seed_dataset,39.0,30.560000000000002,False,143.44,42.5,29.990000000000002,-0.03446418955304257,3.5,-0.018651832460732994
2026-05-04T21:50:03.401267+00:00,Uber Eats,Ciudad de Mexico,Roma Norte,alta demanda,MXCDMX-001,"Av. Alvaro Obregon 120, Roma Norte, CDMX",Coca-Cola 500ml,Retail benchmark,True,35.19,28.47,3.52,2.82,31.0,43.0,64.36,,reproducible_seed_dataset,37.0,31.99,False,83.31,41.0,49.73,0.29443753884400253,4.0,0.554548296342607
2026-05-04T21:50:03.401267+00:00,Uber Eats,Ciudad de Mexico,Roma Norte,alta demanda,MXCDMX-001,"Av. Alvaro Obregon 120, Roma Norte, CDMX",Agua 1L,Retail benchmark,True,29.29,36.89,2.93,4.69,38.0,46.0,64.42,,reproducible_seed_dataset,42.0,39.82,False,54.74,27.5,27.5,-0.15026389320086928,-14.5,-0.30939226519337015
2026-05-04T21:50:03.401267+00:00,Uber Eats,Ciudad de Mexico,Condesa,alta demanda,MXCDMX-002,"Av. Tamaulipas 150, Condesa, CDMX",Big Mac,McDonald's,True,96.89,32.17,9.69,0.0,37.0,49.0,138.75,,reproducible_seed_dataset,43.0,41.86,False,124.7,24.0,32.41,-0.10126126126126124,-19.0,-0.22575250836120409
2026-05-04T21:50:03.401267+00:00,Uber Eats,Ciudad de Mexico,Condesa,alta demanda,MXCDMX-002,"Av. Tamaulipas 150, Condesa, CDMX",Combo mediano,McDonald's,True,153.98,23.21,15.4,12.32,34.0,42.0,180.27,,reproducible_seed_dataset,38.0,38.61,False,168.1,32.0,37.01,-0.0675098463415988,-6.0,-0.04144004144004148
2026-05-04T21:50:03.401267+00:00,Uber Eats,Ciudad de Mexico,Condesa,alta demanda,MXCDMX-002,"Av. Tamaulipas 150, Condesa, CDMX",Nuggets 10 piezas,McDonald's,True,115.53,20.68,11.55,9.24,37.0,49.0,138.52,,reproducible_seed_dataset,43.0,32.230000000000004,False,153.55,45.0,44.8,0.10850418712099336,2.0,0.390009308098045
2026-05-04T21:50:03.401267+00:00,Uber Eats,Ciudad de Mexico,Condesa,alta demanda,MXCDMX-002,"Av. Tamaulipas 150, Condesa, CDMX",Coca-Cola 500ml,Retail benchmark,True,33.08,33.91,3.31,0.0,19.0,34.0,70.3,,reproducible_seed_dataset,26.5,37.22,False,82.53,42.0,52.11,0.17396870554765298,15.5,0.40005373455131654
2026-05-04T21:50:03.401267+00:00,Uber Eats,Ciudad de Mexico,Condesa,alta demanda,MXCDMX-002,"Av. Tamaulipas 150, Condesa, CDMX",Agua 1L,Retail benchmark,True,31.12,32.9,3.11,0.0,20.0,35.0,67.13,,reproducible_seed_dataset,27.5,36.01,False,63.53,45.0,37.48,-0.05362729033219119,17.5,0.04082199389058592
2026-05-04T21:50:03.401267+00:00,Uber Eats,Ciudad de Mexico,Polanco,premium,MXCDMX-003,"Av. Presidente Masaryk 320, Polanco, CDMX",Big Mac,McDonald's,True,106.36,36.33,10.64,0.0,32.0,40.0,153.33,,reproducible_seed_dataset,36.0,46.97,False,122.45,36.0,34.4,-0.20139568251483733,0.0,-0.267617628273366
2026-05-04T21:50:03.401267+00:00,Uber Eats,Ciudad de Mexico,Polanco,premium,MXCDMX-003,"Av. Presidente Masaryk 320, Polanco, CDMX",Combo mediano,McDonald's,True,174.37,45.76,17.44,0.0,26.0,41.0,237.57,,reproducible_seed_dataset,33.5,63.2,False,211.22,39.0,42.2,-0.11091467777918085,5.5,-0.3322784810126582
2026-05-04T21:50:03.401267+00:00,Uber Eats,Ciudad de Mexico,Polanco,premium,MXCDMX-003,"Av. Presidente Masaryk 320, Polanco, CDMX",Nuggets 10 piezas,McDonald's,True,124.53,20.8,12.45,9.96,17.0,32.0,147.82,,reproducible_seed_dataset,24.5,33.25,False,168.67,37.0,58.059999999999995,0.14104992558517113,12.5,0.7461654135338345
2026-05-04T21:50:03.401267+00:00,Uber Eats,Ciudad de Mexico,Polanco,premium,MXCDMX-003,"Av. Presidente Masaryk 320, Polanco, CDMX",Coca-Cola 500ml,Retail benchmark,True,37.96,33.32,3.8,3.04,33.0,48.0,72.04,,reproducible_seed_dataset,40.5,37.12,False,90.8,28.0,53.78,0.2604108828428649,-12.5,0.4488146551724139
2026-05-04T21:50:03.401267+00:00,Uber Eats,Ciudad de Mexico,Polanco,premium,MXCDMX-003,"Av. Presidente Masaryk 320, Polanco, CDMX",Agua 1L,Retail benchmark,True,31.66,49.55,3.17,5.07,34.0,42.0,79.31,,reproducible_seed_dataset,38.0,52.72,False,59.89,27.0,30.87,-0.24486193418232255,-11.0,-0.41445371775417295
2026-05-04T21:50:03.401267+00:00,Uber Eats,Ciudad de Mexico,Santa Fe,corporativa,MXCDMX-004,"Av. Vasco de Quiroga 3800, Santa Fe, CDMX",Big Mac,McDonald's,True,96.12,37.59,9.61,7.69,28.0,40.0,135.63,,reproducible_seed_dataset,34.0,47.2,False,,,,,,
2026-05-04T21:50:03.401267+00:00,Uber Eats,Ciudad de Mexico,Santa Fe,corporativa,MXCDMX-004,"Av. Vasco de Quiroga 3800, Santa Fe, CDMX",Combo mediano,McDonald's,True,166.86,21.08,16.69,13.35,36.0,44.0,191.28,,reproducible_seed_dataset,40.0,37.769999999999996,False,197.81,45.0,45.4,0.034138435800920124,5.0,0.20201217897802498
2026-05-04T21:50:03.401267+00:00,Uber Eats,Ciudad de Mexico,Santa Fe,corporativa,MXCDMX-004,"Av. Vasco de Quiroga 3800, Santa Fe, CDMX",Nuggets 10 piezas,McDonald's,False,,,,,,,,,reproducible_seed_dataset,,,False,161.71,36.0,49.45,,,
2026-05-04T21:50:03.401267+00:00,Uber Eats,Ciudad de Mexico,Santa Fe,corporativa,MXCDMX-004,"Av. Vasco de Quiroga 3800, Santa Fe, CDMX",Coca-Cola 500ml,Retail benchmark,True,35.35,18.57,3.54,0.0,39.0,49.0,57.46,,reproducible_seed_dataset,44.0,22.11,False,91.5,45.0,56.410000000000004,0.5924121127741037,1.0,1.5513342379014023
2026-05-04T21:50:03.401267+00:00,Uber Eats,Ciudad de Mexico,Santa Fe,corporativa,MXCDMX-004,"Av. Vasco de Quiroga 3800, Santa Fe, CDMX",Agua 1L,Retail benchmark,True,32.19,36.01,3.22,0.0,27.0,35.0,71.42,,reproducible_seed_dataset,31.0,39.23,False,81.23,29.0,49.51,0.1373564827779334,-2.0,0.2620443538108591
2026-05-04T21:50:03.401267+00:00,Uber Eats,Ciudad de Mexico,Coyoacan,residencial,MXCDMX-005,"Miguel Angel de Quevedo 687, Coyoacan, CDMX",Big Mac,McDonald's,True,90.0,34.02,9.0,14.4,19.0,29.0,118.62,,reproducible_seed_dataset,24.0,43.02,False,127.33,44.5,41.55,0.073427752486933,20.5,-0.03417015341701548
2026-05-04T21:50:03.401267+00:00,Uber Eats,Ciudad de Mexico,Coyoacan,residencial,MXCDMX-005,"Miguel Angel de Quevedo 687, Coyoacan, CDMX",Combo mediano,McDonald's,True,152.47,16.97,15.25,24.4,33.0,43.0,160.29,,reproducible_seed_dataset,38.0,32.22,False,210.86,23.0,59.760000000000005,0.31549067315490686,-15.0,0.8547486033519556
2026-05-04T21:50:03.401267+00:00,Uber Eats,Ciudad de Mexico,Coyoacan,residencial,MXCDMX-005,"Miguel Angel de Quevedo 687, Coyoacan, CDMX",Nuggets 10 piezas,McDonald's,True,107.51,35.65,10.75,8.6,31.0,39.0,145.31,,reproducible_seed_dataset,35.0,46.4,False,132.6,33.5,30.3,-0.08746817149542363,-1.5,-0.3469827586206896
2026-05-04T21:50:03.401267+00:00,Uber Eats,Ciudad de Mexico,Coyoacan,residencial,MXCDMX-005,"Miguel Angel de Quevedo 687, Coyoacan, CDMX",Coca-Cola 500ml,Retail benchmark,True,32.31,25.64,3.23,2.58,24.0,36.0,58.6,,reproducible_seed_dataset,30.0,28.87,False,66.26,26.0,32.84,0.1307167235494881,-4.0,0.13751298926220998
2026-05-04T21:50:03.401267+00:00,Uber Eats,Ciudad de Mexico,Coyoacan,residencial,MXCDMX-005,"Miguel Angel de Quevedo 687, Coyoacan, CDMX",Agua 1L,Retail benchmark,True,27.97,35.67,2.8,2.24,32.0,42.0,64.2,,reproducible_seed_dataset,37.0,38.47,False,59.99,38.0,30.41,-0.06557632398753895,1.0,-0.20951390694047306
2026-05-04T21:50:03.401267+00:00,Uber Eats,Ciudad de Mexico,Narvarte,residencial,MXCDMX-006,"Av. Universidad 740, Narvarte, CDMX",Big Mac,McDonald's,True,92.12,42.22,9.21,14.74,37.0,52.0,128.81,,reproducible_seed_dataset,44.5,51.43,False,124.63,38.5,41.580000000000005,-0.03245089666951329,-6.0,-0.19152245770950796
2026-05-04T21:50:03.401267+00:00,Uber Eats,Ciudad de Mexico,Narvarte,residencial,MXCDMX-006,"Av. Universidad 740, Narvarte, CDMX",Combo mediano,McDonald's,True,145.64,34.9,14.56,23.3,28.0,38.0,171.8,,reproducible_seed_dataset,33.0,49.46,False,194.86,43.0,52.120000000000005,0.1342258440046566,10.0,0.05378083299636077
2026-05-04T21:50:03.401267+00:00,Uber Eats,Ciudad de Mexico,Narvarte,residencial,MXCDMX-006,"Av. Universidad 740, Narvarte, CDMX",Nuggets 10 piezas,McDonald's,True,107.59,24.98,10.76,8.61,25.0,33.0,134.72,,reproducible_seed_dataset,29.0,35.74,False,150.38,34.0,54.050000000000004,0.11624109263657954,5.0,0.5123111359820929
2026-05-04T21:50:03.401267+00:00,Uber Eats,Ciudad de Mexico,Narvarte,residencial,MXCDMX-006,"Av. Universidad 740, Narvarte, CDMX",Coca-Cola 500ml,Retail benchmark,True,32.09,36.49,3.21,5.13,22.0,37.0,66.66,,reproducible_seed_dataset,29.5,39.7,False,59.72,43.0,26.060000000000002,-0.10411041104110408,13.5,-0.34357682619647356
2026-05-04T21:50:03.401267+00:00,Uber Eats,Ciudad de Mexico,Narvarte,residencial,MXCDMX-006,"Av. Universidad 740, Narvarte, CDMX",Agua 1L,Retail benchmark,True,28.97,28.64,2.9,0.0,36.0,51.0,60.51,,reproducible_seed_dataset,43.5,31.54,False,68.08,46.5,41.64,0.1251032887126095,3.0,0.32022828154724164
2026-05-04T21:50:03.401267+00:00,Uber Eats,Ciudad de Mexico,Iztapalapa,periferica,MXCDMX-007,"Av. Ermita Iztapalapa 1800, Iztapalapa, CDMX",Big Mac,McDonald's,True,86.18,35.35,8.62,0.0,38.0,48.0,130.15,,reproducible_seed_dataset,43.0,43.97,False,112.0,35.5,34.47,-0.1394544756050711,-7.5,-0.21605640209233568
2026-05-04T21:50:03.401267+00:00,Uber Eats,Ciudad de Mexico,Iztapalapa,periferica,MXCDMX-007,"Av. Ermita Iztapalapa 1800, Iztapalapa, CDMX",Combo mediano,McDonald's,True,133.53,16.41,13.35,10.68,33.0,48.0,152.61,,reproducible_seed_dataset,40.5,29.759999999999998,False,184.44,36.0,42.160000000000004,0.20857086691566726,-4.5,0.4166666666666669
2026-05-04T21:50:03.401267+00:00,Uber Eats,Ciudad de Mexico,Iztapalapa,periferica,MXCDMX-007,"Av. Ermita Iztapalapa 1800, Iztapalapa, CDMX",Nuggets 10 piezas,McDonald's,True,106.65,17.73,10.67,17.06,40.0,50.0,117.99,,reproducible_seed_dataset,45.0,28.4,False,136.51,24.0,45.74,0.15696245444529194,-21.0,0.6105633802816903
2026-05-04T21:50:03.401267+00:00,Uber Eats,Ciudad de Mexico,Iztapalapa,periferica,MXCDMX-007,"Av. Ermita Iztapalapa 1800, Iztapalapa, CDMX",Coca-Cola 500ml,Retail benchmark,True,31.49,38.04,3.15,5.04,39.0,47.0,67.64,,reproducible_seed_dataset,43.0,41.19,False,50.18,33.5,21.020000000000003,-0.25813128326434065,-9.5,-0.48968196164117495
2026-05-04T21:50:03.401267+00:00,Uber Eats,Ciudad de Mexico,Iztapalapa,periferica,MXCDMX-007,"Av. Ermita Iztapalapa 1800, Iztapalapa, CDMX",Agua 1L,Retail benchmark,True,26.64,25.45,2.66,4.26,35.0,43.0,50.49,,reproducible_seed_dataset,39.0,28.11,False,50.59,32.0,26.77,0.0019805902158843616,-7.0,-0.047669868374244036
2026-05-04T21:50:03.401267+00:00,Uber Eats,Ciudad de Mexico,Lindavista,residencial,MXCDMX-008,"Av. Montevideo 303, Lindavista, CDMX",Big Mac,McDonald's,True,93.89,43.73,9.39,15.02,21.0,31.0,131.99,,reproducible_seed_dataset,26.0,53.12,False,138.23,36.0,49.62,0.04727630881127343,10.0,-0.06588855421686747
2026-05-04T21:50:03.401267+00:00,Uber Eats,Ciudad de Mexico,Lindavista,residencial,MXCDMX-008,"Av. Montevideo 303, Lindavista, CDMX",Combo mediano,McDonald's,True,146.07,33.55,14.61,23.37,31.0,39.0,170.86,,reproducible_seed_dataset,35.0,48.16,False,196.88,41.5,47.24,0.15228842327051376,6.5,-0.01910299003322248
2026-05-04T21:50:03.401267+00:00,Uber Eats,Ciudad de Mexico,Lindavista,residencial,MXCDMX-008,"Av. Montevideo 303, Lindavista, CDMX",Nuggets 10 piezas,McDonald's,True,110.03,27.1,11.0,8.8,17.0,27.0,139.33,,reproducible_seed_dataset,22.0,38.1,False,136.95,40.0,37.36,-0.017081748367185987,18.0,-0.019422572178477742
2026-05-04T21:50:03.401267+00:00,Uber Eats,Ciudad de Mexico,Lindavista,residencial,MXCDMX-008,"Av. Montevideo 303, Lindavista, CDMX",Coca-Cola 500ml,Retail benchmark,True,34.51,32.52,3.45,5.52,39.0,54.0,64.96,,reproducible_seed_dataset,46.5,35.970000000000006,False,70.23,34.0,39.919999999999995,0.08112684729064056,-12.5,0.10981373366694434
2026-05-04T21:50:03.401267+00:00,Uber Eats,Ciudad de Mexico,Lindavista,residencial,MXCDMX-008,"Av. Montevideo 303, Lindavista, CDMX",Agua 1L,Retail benchmark,True,27.45,24.94,2.75,2.2,27.0,37.0,52.94,,reproducible_seed_dataset,32.0,27.69,False,59.77,25.0,31.62,0.12901397808840206,-7.0,0.14192849404117008
2026-05-04T21:50:03.401267+00:00,Uber Eats,Ciudad de Mexico,Tlalpan,periferica,MXCDMX-009,"Calz. de Tlalpan 4500, Tlalpan, CDMX",Big Mac,McDonald's,True,88.01,39.89,8.8,7.04,22.0,34.0,129.66,,reproducible_seed_dataset,28.0,48.69,False,108.71,28.0,27.060000000000002,-0.1615764306648157,0.0,-0.4442390634627233
2026-05-04T21:50:03.401267+00:00,Uber Eats,Ciudad de Mexico,Tlalpan,periferica,MXCDMX-009,"Calz. de Tlalpan 4500, Tlalpan, CDMX",Combo mediano,McDonald's,True,145.01,28.86,14.5,11.6,30.0,38.0,176.77,,reproducible_seed_dataset,34.0,43.36,False,177.86,32.0,49.650000000000006,0.006166204672738606,-2.0,0.14506457564575662
2026-05-04T21:50:03.401267+00:00,Uber Eats,Ciudad de Mexico,Tlalpan,periferica,MXCDMX-009,"Calz. de Tlalpan 4500, Tlalpan, CDMX",Nuggets 10 piezas,McDonald's,True,106.86,31.57,10.69,0.0,21.0,29.0,149.12,,reproducible_seed_dataset,25.0,42.26,False,152.17,43.0,51.989999999999995,0.020453326180257397,18.0,0.23024136299100798
2026-05-04T21:50:03.401267+00:00,Uber Eats,Ciudad de Mexico,Tlalpan,periferica,MXCDMX-009,"Calz. de Tlalpan 4500, Tlalpan, CDMX",Coca-Cola 500ml,Retail benchmark,True,31.18,22.8,3.12,0.0,38.0,48.0,57.1,,reproducible_seed_dataset,43.0,25.92,False,70.86,36.0,40.43,0.24098073555166372,-7.0,0.5597993827160492
2026-05-04T21:50:03.401267+00:00,Uber Eats,Ciudad de Mexico,Tlalpan,periferica,MXCDMX-009,"Calz. de Tlalpan 4500, Tlalpan, CDMX",Agua 1L,Retail benchmark,True,27.23,39.76,2.72,0.0,44.0,59.0,69.71,,reproducible_seed_dataset,51.5,42.48,False,72.54,27.0,45.18,0.040596757997418055,-24.5,0.06355932203389837
2026-05-04T21:50:03.401267+00:00,Uber Eats,Ciudad de Mexico,Centro Historico,turistica,MXCDMX-010,"5 de Mayo 49, Centro Historico, CDMX",Big Mac,McDonald's,True,97.22,39.86,9.72,0.0,37.0,49.0,146.8,,reproducible_seed_dataset,43.0,49.58,False,149.66,46.5,59.56,0.019482288828337774,3.5,0.20129084308188794
2026-05-04T21:50:03.401267+00:00,Uber Eats,Ciudad de Mexico,Centro Historico,turistica,MXCDMX-010,"5 de Mayo 49, Centro Historico, CDMX",Combo mediano,McDonald's,True,162.35,27.83,16.23,25.98,23.0,31.0,180.43,,reproducible_seed_dataset,27.0,44.06,False,214.99,41.0,54.010000000000005,0.1915424264257607,14.0,0.225828415796641
2026-05-04T21:50:03.401267+00:00,Uber Eats,Ciudad de Mexico,Centro Historico,turistica,MXCDMX-010,"5 de Mayo 49, Centro Historico, CDMX",Nuggets 10 piezas,McDonald's,True,115.55,35.15,11.55,18.49,28.0,38.0,143.76,,reproducible_seed_dataset,33.0,46.7,False,149.07,33.0,32.879999999999995,0.036936560934891505,0.0,-0.2959314775160601
2026-05-04T21:50:03.401267+00:00,Uber Eats,Ciudad de Mexico,Centro Historico,turistica,MXCDMX-010,"5 de Mayo 49, Centro Historico, CDMX",Coca-Cola 500ml,Retail benchmark,True,34.56,27.61,3.46,5.53,25.0,37.0,60.1,,reproducible_seed_dataset,31.0,31.07,False,85.89,36.0,54.76,0.4291181364392679,5.0,0.7624718377856452
2026-05-04T21:50:03.401267+00:00,Uber Eats,Ciudad de Mexico,Centro Historico,turistica,MXCDMX-010,"5 de Mayo 49, Centro Historico, CDMX",Agua 1L,Retail benchmark,True,31.73,24.84,3.17,2.54,22.0,37.0,57.2,,reproducible_seed_dataset,29.5,28.009999999999998,False,67.01,38.5,38.849999999999994,0.17150349650349653,9.0,0.38700464119957145
2026-05-04T21:50:03.401267+00:00,Uber Eats,Guadalajara,Providencia,premium,MXGDL-001,"Av. Americas 1254, Providencia, Guadalajara",Big Mac,McDonald's,True,101.5,40.53,10.15,8.12,38.0,48.0,144.06,,reproducible_seed_dataset,43.0,50.68,False,158.98,42.0,62.14,0.10356795779536296,-1.0,0.22612470402525653
2026-05-04T21:50:03.401267+00:00,Uber Eats,Guadalajara,Providencia,premium,MXGDL-001,"Av. Americas 1254, Providencia, Guadalajara",Combo mediano,McDonald's,True,169.59,33.47,16.96,27.13,17.0,32.0,192.89,,reproducible_seed_dataset,24.5,50.43,False,211.12,45.0,59.39,0.09450982425216455,20.5,0.17767202062264528
2026-05-04T21:50:03.401267+00:00,Uber Eats,Guadalajara,Providencia,premium,MXGDL-001,"Av. Americas 1254, Providencia, Guadalajara",Nuggets 10 piezas,McDonald's,True,127.98,23.94,12.8,10.24,39.0,51.0,154.48,,reproducible_seed_dataset,45.0,36.74,False,172.64,34.0,54.24,0.11755567063697564,-11.0,0.4763200870985302
2026-05-04T21:50:03.401267+00:00,Uber Eats,Guadalajara,Providencia,premium,MXGDL-001,"Av. Americas 1254, Providencia, Guadalajara",Coca-Cola 500ml,Retail benchmark,True,36.65,26.85,3.67,2.93,21.0,36.0,64.24,,reproducible_seed_dataset,28.5,30.520000000000003,False,86.27,33.5,53.43,0.34293275217932756,5.0,0.7506553079947573
2026-05-04T21:50:03.401267+00:00,Uber Eats,Guadalajara,Providencia,premium,MXGDL-001,"Av. Americas 1254, Providencia, Guadalajara",Agua 1L,Retail benchmark,True,31.05,31.0,3.11,2.48,30.0,42.0,62.68,,reproducible_seed_dataset,36.0,34.11,False,76.62,26.0,44.85,0.22239948947032553,-10.0,0.31486367634124895
2026-05-04T21:50:03.401267+00:00,Uber Eats,Guadalajara,Chapalita,residencial,MXGDL-002,"Av. Guadalupe 1450, Chapalita, Guadalajara",Big Mac,McDonald's,True,94.61,43.44,9.46,0.0,32.0,47.0,147.51,,reproducible_seed_dataset,39.5,52.9,False,126.14,36.0,43.85,-0.14487153413327905,-3.5,-0.17107750472589786
2026-05-04T21:50:03.401267+00:00,Uber Eats,Guadalajara,Chapalita,residencial,MXGDL-002,"Av. Guadalupe 1450, Chapalita, Guadalajara",Combo mediano,McDonald's,False,,,,,,,,,reproducible_seed_dataset,,,False,193.37,47.0,57.589999999999996,,,
2026-05-04T21:50:03.401267+00:00,Uber Eats,Guadalajara,Chapalita,residencial,MXGDL-002,"Av. Guadalupe 1450, Chapalita, Guadalajara",Nuggets 10 piezas,McDonald's,True,111.89,36.69,11.19,17.9,26.0,36.0,141.87,,reproducible_seed_dataset,31.0,47.879999999999995,False,140.17,26.0,31.840000000000003,-0.011982801155987996,-5.0,-0.33500417710944014
2026-05-04T21:50:03.401267+00:00,Uber Eats,Guadalajara,Chapalita,residencial,MXGDL-002,"Av. Guadalupe 1450, Chapalita, Guadalajara",Coca-Cola 500ml,Retail benchmark,False,,,,,,,,,reproducible_seed_dataset,,,False,83.57,33.5,53.83,,,
2026-05-04T21:50:03.401267+00:00,Uber Eats,Guadalajara,Chapalita,residencial,MXGDL-002,"Av. Guadalupe 1450, Chapalita, Guadalajara",Agua 1L,Retail benchmark,True,28.48,43.69,2.85,4.56,39.0,54.0,70.46,,reproducible_seed_dataset,46.5,46.54,False,,,,,,
2026-05-04T21:50:03.401267+00:00,Uber Eats,Guadalajara,Centro,alta demanda,MXGDL-003,"Av. Juarez 211, Centro, Guadalajara",Big Mac,McDonald's,True,93.15,34.67,9.32,7.45,28.0,36.0,129.69,,reproducible_seed_dataset,32.0,43.99,False,135.8,27.0,54.91,0.047112344822268594,-5.0,0.24823823596271866
2026-05-04T21:50:03.401267+00:00,Uber Eats,Guadalajara,Centro,alta demanda,MXGDL-003,"Av. Juarez 211, Centro, Guadalajara",Combo mediano,McDonald's,True,160.09,36.57,16.01,12.81,27.0,35.0,199.86,,reproducible_seed_dataset,31.0,52.58,False,189.79,23.0,57.62,-0.05038526968878225,-8.0,0.09585393685812095
2026-05-04T21:50:03.401267+00:00,Uber Eats,Guadalajara,Centro,alta demanda,MXGDL-003,"Av. Juarez 211, Centro, Guadalajara",Nuggets 10 piezas,McDonald's,True,115.42,29.09,11.54,18.47,19.0,34.0,137.58,,reproducible_seed_dataset,26.5,40.629999999999995,False,169.62,37.0,55.78,0.23288268643698204,10.5,0.37287718434654216
2026-05-04T21:50:03.401267+00:00,Uber Eats,Guadalajara,Centro,alta demanda,MXGDL-003,"Av. Juarez 211, Centro, Guadalajara",Coca-Cola 500ml,Retail benchmark,True,32.55,35.1,3.25,0.0,20.0,32.0,70.9,,reproducible_seed_dataset,26.0,38.35,False,78.5,30.0,48.96,0.10719322990126931,4.0,0.2766623207301173
2026-05-04T21:50:03.401267+00:00,Uber Eats,Guadalajara,Centro,alta demanda,MXGDL-003,"Av. Juarez 211, Centro, Guadalajara",Agua 1L,Retail benchmark,True,30.0,25.99,3.0,4.8,31.0,39.0,54.19,,reproducible_seed_dataset,35.0,28.99,False,64.36,42.5,36.31,0.18767300239896664,7.5,0.25250086236633335
2026-05-04T21:50:03.401267+00:00,Uber Eats,Monterrey,San Pedro,premium,MXMTY-001,"Calzada del Valle 400, San Pedro Garza Garcia",Big Mac,McDonald's,True,101.18,24.68,10.12,0.0,30.0,45.0,135.98,,reproducible_seed_dataset,37.5,34.8,False,163.45,42.0,64.27,0.2020150022062068,4.5,0.8468390804597702
2026-05-04T21:50:03.401267+00:00,Uber Eats,Monterrey,San Pedro,premium,MXMTY-001,"Calzada del Valle 400, San Pedro Garza Garcia",Combo mediano,McDonald's,True,171.3,49.64,17.13,0.0,34.0,44.0,238.07,,reproducible_seed_dataset,39.0,66.77,False,196.86,35.0,47.78,-0.17310034863695545,-4.0,-0.2844091657930208
2026-05-04T21:50:03.401267+00:00,Uber Eats,Monterrey,San Pedro,premium,MXMTY-001,"Calzada del Valle 400, San Pedro Garza Garcia",Nuggets 10 piezas,McDonald's,True,125.19,23.92,12.52,10.02,33.0,41.0,151.61,,reproducible_seed_dataset,37.0,36.44,False,143.23,32.0,35.29,-0.0552733988523186,-5.0,-0.03155872667398459
2026-05-04T21:50:03.401267+00:00,Uber Eats,Monterrey,San Pedro,premium,MXMTY-001,"Calzada del Valle 400, San Pedro Garza Garcia",Coca-Cola 500ml,Retail benchmark,True,35.66,42.78,3.57,0.0,32.0,44.0,82.01,,reproducible_seed_dataset,38.0,46.35,False,88.99,36.0,55.419999999999995,0.08511157175954139,-2.0,0.19568500539374312
2026-05-04T21:50:03.401267+00:00,Uber Eats,Monterrey,San Pedro,premium,MXMTY-001,"Calzada del Valle 400, San Pedro Garza Garcia",Agua 1L,Retail benchmark,True,32.06,38.12,3.21,2.56,23.0,31.0,70.83,,reproducible_seed_dataset,27.0,41.33,False,81.68,28.0,49.51,0.153183679231964,1.0,0.1979191870312122
2026-05-04T21:50:03.401267+00:00,Uber Eats,Monterrey,Tecnologico,universitaria,MXMTY-002,"Av. Eugenio Garza Sada 2501, Monterrey",Big Mac,McDonald's,True,84.94,21.58,8.49,13.59,20.0,28.0,101.42,,reproducible_seed_dataset,24.0,30.07,False,121.71,39.0,43.46,0.200059159929008,15.0,0.4452943132690389
2026-05-04T21:50:03.401267+00:00,Uber Eats,Monterrey,Tecnologico,universitaria,MXMTY-002,"Av. Eugenio Garza Sada 2501, Monterrey",Combo mediano,McDonald's,True,147.28,29.62,14.73,23.56,34.0,49.0,168.07,,reproducible_seed_dataset,41.5,44.35,False,160.0,35.0,39.47,-0.048015707740822235,-6.5,-0.11003382187147694
2026-05-04T21:50:03.401267+00:00,Uber Eats,Monterrey,Tecnologico,universitaria,MXMTY-002,"Av. Eugenio Garza Sada 2501, Monterrey",Nuggets 10 piezas,McDonald's,True,111.88,33.65,11.19,17.9,24.0,36.0,138.82,,reproducible_seed_dataset,30.0,44.839999999999996,False,133.33,31.0,34.97,-0.039547615617346064,1.0,-0.2201159678858162
2026-05-04T21:50:03.401267+00:00,Uber Eats,Monterrey,Tecnologico,universitaria,MXMTY-002,"Av. Eugenio Garza Sada 2501, Monterrey",Coca-Cola 500ml,Retail benchmark,True,30.29,28.21,3.03,2.42,35.0,43.0,59.11,,reproducible_seed_dataset,39.0,31.240000000000002,False,60.58,40.0,31.66,0.024868888512941955,1.0,0.013444302176696482
2026-05-04T21:50:03.401267+00:00,Uber Eats,Monterrey,Tecnologico,universitaria,MXMTY-002,"Av. Eugenio Garza Sada 2501, Monterrey",Agua 1L,Retail benchmark,True,26.52,28.74,2.65,0.0,18.0,30.0,57.91,,reproducible_seed_dataset,24.0,31.389999999999997,False,61.41,31.0,36.61,0.060438611638749785,7.0,0.16629499840713613
2026-05-04T21:50:03.401267+00:00,Uber Eats,Monterrey,Centro,alta demanda,MXMTY-003,"Padre Mier 201, Centro, Monterrey",Big Mac,McDonald's,True,93.72,27.94,9.37,7.5,24.0,34.0,123.53,,reproducible_seed_dataset,29.0,37.31,False,145.39,42.0,50.29,0.1769610620901804,13.0,0.3478960064325917
2026-05-04T21:50:03.401267+00:00,Uber Eats,Monterrey,Centro,alta demanda,MXMTY-003,"Padre Mier 201, Centro, Monterrey",Combo mediano,McDonald's,True,157.91,23.0,15.79,0.0,20.0,32.0,196.7,,reproducible_seed_dataset,26.0,38.79,False,191.79,29.0,54.239999999999995,-0.024961870869344163,3.0,0.3982985305491105
2026-05-04T21:50:03.401267+00:00,Uber Eats,Monterrey,Centro,alta demanda,MXMTY-003,"Padre Mier 201, Centro, Monterrey",Nuggets 10 piezas,McDonald's,True,111.09,39.82,11.11,17.77,37.0,45.0,144.25,,reproducible_seed_dataset,41.0,50.93,False,142.49,32.5,33.89,-0.012201039861351756,-8.5,-0.3345768702140192
2026-05-04T21:50:03.401267+00:00,Uber Eats,Monterrey,Centro,alta demanda,MXMTY-003,"Padre Mier 201, Centro, Monterrey",Coca-Cola 500ml,Retail benchmark,True,35.22,35.38,3.52,5.64,25.0,35.0,68.48,,reproducible_seed_dataset,30.0,38.900000000000006,False,56.15,33.0,25.57,-0.18005257009345801,3.0,-0.34267352185089983
2026-05-04T21:50:03.401267+00:00,Uber Eats,Monterrey,Centro,alta demanda,MXMTY-003,"Padre Mier 201, Centro, Monterrey",Agua 1L,Retail benchmark,True,30.28,35.57,3.03,0.0,33.0,41.0,68.88,,reproducible_seed_dataset,37.0,38.6,False,76.72,45.0,50.059999999999995,0.11382113821138216,8.0,0.2968911917098444
2026-05-04T21:50:03.401267+00:00,Uber Eats,Puebla,Angelopolis,premium,MXPUE-001,"Blvd. del Nino Poblano 2510, Puebla",Big Mac,McDonald's,True,99.02,41.23,9.9,7.92,31.0,39.0,142.23,,reproducible_seed_dataset,35.0,51.129999999999995,False,135.21,42.0,34.370000000000005,-0.04935667580679169,7.0,-0.3277919029923722
2026-05-04T21:50:03.401267+00:00,Uber Eats,Puebla,Angelopolis,premium,MXPUE-001,"Blvd. del Nino Poblano 2510, Puebla",Combo mediano,McDonald's,False,,,,,,,,,reproducible_seed_dataset,,,False,229.31,45.0,65.07,,,
2026-05-04T21:50:03.401267+00:00,Uber Eats,Puebla,Angelopolis,premium,MXPUE-001,"Blvd. del Nino Poblano 2510, Puebla",Nuggets 10 piezas,McDonald's,True,123.13,28.46,12.31,0.0,22.0,37.0,163.9,,reproducible_seed_dataset,29.5,40.77,False,187.38,25.0,65.78,0.14325808419768143,-4.5,0.6134412558253617
2026-05-04T21:50:03.401267+00:00,Uber Eats,Puebla,Angelopolis,premium,MXPUE-001,"Blvd. del Nino Poblano 2510, Puebla",Coca-Cola 500ml,Retail benchmark,True,38.15,34.74,3.81,6.1,17.0,27.0,70.6,,reproducible_seed_dataset,22.0,38.550000000000004,False,76.39,29.0,38.42,0.0820113314447593,7.0,-0.0033722438391699753
2026-05-04T21:50:03.401267+00:00,Uber Eats,Puebla,Angelopolis,premium,MXPUE-001,"Blvd. del Nino Poblano 2510, Puebla",Agua 1L,Retail benchmark,True,31.64,19.0,3.16,2.53,22.0,37.0,51.27,,reproducible_seed_dataset,29.5,22.16,False,85.2,25.5,53.06,0.6617905207723814,-4.0,1.394404332129964
2026-05-04T21:50:03.401267+00:00,Uber Eats,Puebla,Centro,alta demanda,MXPUE-002,"Av. Reforma 113, Centro, Puebla",Big Mac,McDonald's,True,96.56,19.72,9.66,15.45,40.0,50.0,110.49,,reproducible_seed_dataset,45.0,29.38,False,,,,,,
2026-05-04T21:50:03.401267+00:00,Uber Eats,Puebla,Centro,alta demanda,MXPUE-002,"Av. Reforma 113, Centro, Puebla",Combo mediano,McDonald's,True,151.14,19.75,15.11,24.18,24.0,39.0,161.82,,reproducible_seed_dataset,31.5,34.86,False,201.04,23.0,50.8,0.24236806328018787,-8.5,0.457257601835915
2026-05-04T21:50:03.401267+00:00,Uber Eats,Puebla,Centro,alta demanda,MXPUE-002,"Av. Reforma 113, Centro, Puebla",Nuggets 10 piezas,McDonald's,True,114.81,37.46,11.48,9.18,27.0,39.0,154.57,,reproducible_seed_dataset,33.0,48.94,False,136.73,29.0,31.020000000000003,-0.11541696318819955,-4.0,-0.3661626481405802
2026-05-04T21:50:03.401267+00:00,Uber Eats,Puebla,Centro,alta demanda,MXPUE-002,"Av. Reforma 113, Centro, Puebla",Coca-Cola 500ml,Retail benchmark,True,33.74,36.0,3.37,0.0,19.0,34.0,73.11,,reproducible_seed_dataset,26.5,39.37,False,67.45,46.5,36.019999999999996,-0.07741758993297766,20.0,-0.0850901701803404
2026-05-04T21:50:03.401267+00:00,Uber Eats,Puebla,Centro,alta demanda,MXPUE-002,"Av. Reforma 113, Centro, Puebla",Agua 1L,Retail benchmark,True,30.6,37.16,3.06,0.0,20.0,35.0,70.82,,reproducible_seed_dataset,27.5,40.22,False,72.2,46.0,45.379999999999995,0.019486020898051536,18.5,0.1282943809050223
2026-05-04T21:50:03.401267+00:00,Uber Eats,Queretaro,Juriquilla,residencial,MXQRO-001,"Blvd. Universitario 1000, Juriquilla, Queretaro",Big Mac,McDonald's,True,87.93,25.64,8.79,14.07,33.0,48.0,108.29,,reproducible_seed_dataset,40.5,34.43,False,115.42,46.5,28.77,0.06584172130390613,6.0,-0.1643915190241069
2026-05-04T21:50:03.401267+00:00,Uber Eats,Queretaro,Juriquilla,residencial,MXQRO-001,"Blvd. Universitario 1000, Juriquilla, Queretaro",Combo mediano,McDonald's,True,154.16,19.0,15.42,12.33,32.0,47.0,176.25,,reproducible_seed_dataset,39.5,34.42,False,206.27,38.0,62.87,0.17032624113475184,-1.5,0.8265543288785588
2026-05-04T21:50:03.401267+00:00,Uber Eats,Queretaro,Juriquilla,residencial,MXQRO-001,"Blvd. Universitario 1000, Juriquilla, Queretaro",Nuggets 10 piezas,McDonald's,True,112.48,20.54,11.25,18.0,32.0,42.0,126.27,,reproducible_seed_dataset,37.0,31.79,False,145.58,40.0,37.78,0.15292626910588436,3.0,0.18842403271469021
2026-05-04T21:50:03.401267+00:00,Uber Eats,Queretaro,Juriquilla,residencial,MXQRO-001,"Blvd. Universitario 1000, Juriquilla, Queretaro",Coca-Cola 500ml,Retail benchmark,True,31.76,31.1,3.18,0.0,36.0,46.0,66.04,,reproducible_seed_dataset,41.0,34.28,False,58.31,42.0,25.96,-0.11705027256208364,1.0,-0.2427071178529755
2026-05-04T21:50:03.401267+00:00,Uber Eats,Queretaro,Juriquilla,residencial,MXQRO-001,"Blvd. Universitario 1000, Juriquilla, Queretaro",Agua 1L,Retail benchmark,True,27.88,43.28,2.79,0.0,25.0,37.0,73.95,,reproducible_seed_dataset,31.0,46.07,False,65.15,34.0,39.55,-0.11899932386747798,3.0,-0.14152376817885834
2026-05-04T21:50:03.401267+00:00,Uber Eats,Queretaro,Centro Sur,corporativa,MXQRO-002,"Blvd. Bernardo Quintana 7001, Queretaro",Big Mac,McDonald's,True,98.22,47.59,9.82,0.0,36.0,48.0,155.63,,reproducible_seed_dataset,42.0,57.410000000000004,False,122.83,34.5,37.17,-0.21075628092270127,-7.5,-0.35255182024037623
2026-05-04T21:50:03.401267+00:00,Uber Eats,Queretaro,Centro Sur,corporativa,MXQRO-002,"Blvd. Bernardo Quintana 7001, Queretaro",Combo mediano,McDonald's,True,155.89,48.61,15.59,12.47,28.0,40.0,207.62,,reproducible_seed_dataset,34.0,64.2,False,192.19,35.0,48.480000000000004,-0.07431846642905311,1.0,-0.24485981308411212
2026-05-04T21:50:03.401267+00:00,Uber Eats,Queretaro,Centro Sur,corporativa,MXQRO-002,"Blvd. Bernardo Quintana 7001, Queretaro",Nuggets 10 piezas,McDonald's,True,116.35,30.25,11.63,9.31,39.0,49.0,148.92,,reproducible_seed_dataset,44.0,41.88,False,160.49,47.0,55.47,0.07769272092398619,3.0,0.32449856733524346
2026-05-04T21:50:03.401267+00:00,Uber Eats,Queretaro,Centro Sur,corporativa,MXQRO-002,"Blvd. Bernardo Quintana 7001, Queretaro",Coca-Cola 500ml,Retail benchmark,True,34.01,26.84,3.4,5.44,37.0,52.0,58.81,,reproducible_seed_dataset,44.5,30.24,False,66.92,25.0,36.65,0.13790171739500084,-19.5,0.21197089947089948
2026-05-04T21:50:03.401267+00:00,Uber Eats,Queretaro,Centro Sur,corporativa,MXQRO-002,"Blvd. Bernardo Quintana 7001, Queretaro",Agua 1L,Retail benchmark,True,29.64,21.55,2.96,0.0,37.0,49.0,54.15,,reproducible_seed_dataset,43.0,24.51,False,61.9,26.5,32.06,0.14312096029547552,-16.5,0.3080375356997144
2026-05-04T21:50:03.401267+00:00,DiDi Food,Ciudad de Mexico,Roma Norte,alta demanda,MXCDMX-001,"Av. Alvaro Obregon 120, Roma Norte, CDMX",Big Mac,McDonald's,True,86.88,35.32,5.21,0.0,31.0,43.0,127.41,,reproducible_seed_dataset,37.0,40.53,False,124.49,25.0,36.26,-0.022918138293697526,-12.0,-0.10535405872193444
2026-05-04T21:50:03.401267+00:00,DiDi Food,Ciudad de Mexico,Roma Norte,alta demanda,MXCDMX-001,"Av. Alvaro Obregon 120, Roma Norte, CDMX",Combo mediano,McDonald's,True,148.35,30.74,8.9,32.64,27.0,35.0,155.35,,reproducible_seed_dataset,31.0,39.64,False,184.33,22.0,35.46,0.18654650788542015,-9.0,-0.10544904137235116
2026-05-04T21:50:03.401267+00:00,DiDi Food,Ciudad de Mexico,Roma Norte,alta demanda,MXCDMX-001,"Av. Alvaro Obregon 120, Roma Norte, CDMX",Nuggets 10 piezas,McDonald's,True,104.9,24.33,6.29,11.54,21.0,33.0,123.98,,reproducible_seed_dataset,27.0,30.619999999999997,False,143.44,42.5,29.990000000000002,0.15696080012905303,15.5,-0.020574787720444007
2026-05-04T21:50:03.401267+00:00,DiDi Food,Ciudad de Mexico,Roma Norte,alta demanda,MXCDMX-001,"Av. Alvaro Obregon 120, Roma Norte, CDMX",Coca-Cola 500ml,Retail benchmark,True,32.29,39.45,1.94,7.1,31.0,43.0,66.58,,reproducible_seed_dataset,37.0,41.39,False,83.31,41.0,49.73,0.2512766596575549,4.0,0.2014979463638559
2026-05-04T21:50:03.401267+00:00,DiDi Food,Ciudad de Mexico,Roma Norte,alta demanda,MXCDMX-001,"Av. Alvaro Obregon 120, Roma Norte, CDMX",Agua 1L,Retail benchmark,True,28.94,30.27,1.74,6.37,34.0,49.0,54.58,,reproducible_seed_dataset,41.5,32.01,False,54.74,27.5,27.5,0.002931476731403512,-14.0,-0.14089347079037795
2026-05-04T21:50:03.401267+00:00,DiDi Food,Ciudad de Mexico,Condesa,alta demanda,MXCDMX-002,"Av. Tamaulipas 150, Condesa, CDMX",Big Mac,McDonald's,True,86.83,29.97,5.21,19.1,30.0,40.0,102.91,,reproducible_seed_dataset,35.0,35.18,False,124.7,24.0,32.41,0.21173841220483924,-11.0,-0.07873791927231391
2026-05-04T21:50:03.401267+00:00,DiDi Food,Ciudad de Mexico,Condesa,alta demanda,MXCDMX-002,"Av. Tamaulipas 150, Condesa, CDMX",Combo mediano,McDonald's,True,150.02,34.28,9.0,33.0,27.0,39.0,160.3,,reproducible_seed_dataset,33.0,43.28,False,168.1,32.0,37.01,0.048658764815969945,-1.0,-0.14487060998151577
2026-05-04T21:50:03.401267+00:00,DiDi Food,Ciudad de Mexico,Condesa,alta demanda,MXCDMX-002,"Av. Tamaulipas 150, Condesa, CDMX",Nuggets 10 piezas,McDonald's,True,110.18,19.16,6.61,0.0,21.0,29.0,135.95,,reproducible_seed_dataset,25.0,25.77,False,153.55,45.0,44.8,0.12945936005884534,20.0,0.7384555684904928
2026-05-04T21:50:03.401267+00:00,DiDi Food,Ciudad de Mexico,Condesa,alta demanda,MXCDMX-002,"Av. Tamaulipas 150, Condesa, CDMX",Coca-Cola 500ml,Retail benchmark,True,31.43,21.8,1.89,0.0,37.0,45.0,55.12,,reproducible_seed_dataset,41.0,23.69,False,82.53,42.0,52.11,0.497278664731495,1.0,1.199662304769945
2026-05-04T21:50:03.401267+00:00,DiDi Food,Ciudad de Mexico,Condesa,alta demanda,MXCDMX-002,"Av. Tamaulipas 150, Condesa, CDMX",Agua 1L,Retail benchmark,True,29.39,38.79,1.76,0.0,32.0,44.0,69.94,,reproducible_seed_dataset,38.0,40.55,False,63.53,45.0,37.48,-0.09164998570203027,7.0,-0.07570900123304564
2026-05-04T21:50:03.401267+00:00,DiDi Food,Ciudad de Mexico,Polanco,premium,MXCDMX-003,"Av. Presidente Masaryk 320, Polanco, CDMX",Big Mac,McDonald's,True,93.37,34.22,5.6,20.54,43.0,53.0,112.65,,reproducible_seed_dataset,48.0,39.82,False,122.45,36.0,34.4,0.08699511762094982,-12.0,-0.13611250627825217
2026-05-04T21:50:03.401267+00:00,DiDi Food,Ciudad de Mexico,Polanco,premium,MXCDMX-003,"Av. Presidente Masaryk 320, Polanco, CDMX",Combo mediano,McDonald's,False,,,,,,,,,reproducible_seed_dataset,,,False,211.22,39.0,42.2,,,
2026-05-04T21:50:03.401267+00:00,DiDi Food,Ciudad de Mexico,Polanco,premium,MXCDMX-003,"Av. Presidente Masaryk 320, Polanco, CDMX",Nuggets 10 piezas,McDonald's,True,124.83,33.8,7.49,27.46,34.0,42.0,138.66,,reproducible_seed_dataset,38.0,41.29,False,168.67,37.0,58.059999999999995,0.2164286744555026,-1.0,0.4061516105594574
2026-05-04T21:50:03.401267+00:00,DiDi Food,Ciudad de Mexico,Polanco,premium,MXCDMX-003,"Av. Presidente Masaryk 320, Polanco, CDMX",Coca-Cola 500ml,Retail benchmark,True,35.4,32.44,2.12,3.89,24.0,36.0,66.07,,reproducible_seed_dataset,30.0,34.559999999999995,False,90.8,28.0,53.78,0.3742999848645377,-2.0,0.5561342592592595
2026-05-04T21:50:03.401267+00:00,DiDi Food,Ciudad de Mexico,Polanco,premium,MXCDMX-003,"Av. Presidente Masaryk 320, Polanco, CDMX",Agua 1L,Retail benchmark,True,30.41,36.75,1.82,3.35,31.0,39.0,65.63,,reproducible_seed_dataset,35.0,38.57,False,59.89,27.0,30.87,-0.0874600030473868,-8.0,-0.1996370235934664
2026-05-04T21:50:03.401267+00:00,DiDi Food,Ciudad de Mexico,Santa Fe,corporativa,MXCDMX-004,"Av. Vasco de Quiroga 3800, Santa Fe, CDMX",Big Mac,McDonald's,True,97.89,38.9,5.87,0.0,42.0,52.0,142.66,,reproducible_seed_dataset,47.0,44.769999999999996,False,,,,,,
2026-05-04T21:50:03.401267+00:00,DiDi Food,Ciudad de Mexico,Santa Fe,corporativa,MXCDMX-004,"Av. Vasco de Quiroga 3800, Santa Fe, CDMX",Combo mediano,McDonald's,True,155.96,26.57,9.36,34.31,42.0,57.0,157.58,,reproducible_seed_dataset,49.5,35.93,False,197.81,45.0,45.4,0.25529889579895915,-4.5,0.26356804898413577
2026-05-04T21:50:03.401267+00:00,DiDi Food,Ciudad de Mexico,Santa Fe,corporativa,MXCDMX-004,"Av. Vasco de Quiroga 3800, Santa Fe, CDMX",Nuggets 10 piezas,McDonald's,True,118.18,42.51,7.09,0.0,41.0,51.0,167.78,,reproducible_seed_dataset,46.0,49.599999999999994,False,161.71,36.0,49.45,-0.03617832876385739,-10.0,-0.0030241935483869254
2026-05-04T21:50:03.401267+00:00,DiDi Food,Ciudad de Mexico,Santa Fe,corporativa,MXCDMX-004,"Av. Vasco de Quiroga 3800, Santa Fe, CDMX",Coca-Cola 500ml,Retail benchmark,True,32.27,37.24,1.94,3.55,39.0,54.0,67.9,,reproducible_seed_dataset,46.5,39.18,False,91.5,45.0,56.410000000000004,0.3475699558173784,-1.5,0.4397651863195509
2026-05-04T21:50:03.401267+00:00,DiDi Food,Ciudad de Mexico,Santa Fe,corporativa,MXCDMX-004,"Av. Vasco de Quiroga 3800, Santa Fe, CDMX",Agua 1L,Retail benchmark,True,30.69,39.31,1.84,3.38,23.0,31.0,68.46,,reproducible_seed_dataset,27.0,41.150000000000006,False,81.23,29.0,49.51,0.18653228162430632,2.0,0.20315917375455628
2026-05-04T21:50:03.401267+00:00,DiDi Food,Ciudad de Mexico,Coyoacan,residencial,MXCDMX-005,"Miguel Angel de Quevedo 687, Coyoacan, CDMX",Big Mac,McDonald's,True,85.47,29.62,5.13,0.0,27.0,37.0,120.22,,reproducible_seed_dataset,32.0,34.75,False,127.33,44.5,41.55,0.05914157378140076,12.5,0.19568345323741
2026-05-04T21:50:03.401267+00:00,DiDi Food,Ciudad de Mexico,Coyoacan,residencial,MXCDMX-005,"Miguel Angel de Quevedo 687, Coyoacan, CDMX",Combo mediano,McDonald's,True,143.18,32.37,8.59,15.75,30.0,40.0,168.39,,reproducible_seed_dataset,35.0,40.959999999999994,False,210.86,23.0,59.760000000000005,0.2522121266108441,-12.0,0.45898437500000033
2026-05-04T21:50:03.401267+00:00,DiDi Food,Ciudad de Mexico,Coyoacan,residencial,MXCDMX-005,"Miguel Angel de Quevedo 687, Coyoacan, CDMX",Nuggets 10 piezas,McDonald's,True,109.89,40.24,6.59,24.18,23.0,31.0,132.54,,reproducible_seed_dataset,27.0,46.83,False,132.6,33.5,30.3,0.0004526935264825885,6.5,-0.35297885970531706
2026-05-04T21:50:03.401267+00:00,DiDi Food,Ciudad de Mexico,Coyoacan,residencial,MXCDMX-005,"Miguel Angel de Quevedo 687, Coyoacan, CDMX",Coca-Cola 500ml,Retail benchmark,True,31.86,31.46,1.91,0.0,40.0,50.0,65.23,,reproducible_seed_dataset,45.0,33.37,False,66.26,26.0,32.84,0.01579028054576117,-19.0,-0.015882529217860177
2026-05-04T21:50:03.401267+00:00,DiDi Food,Ciudad de Mexico,Coyoacan,residencial,MXCDMX-005,"Miguel Angel de Quevedo 687, Coyoacan, CDMX",Agua 1L,Retail benchmark,True,26.68,20.62,1.6,0.0,20.0,35.0,48.9,,reproducible_seed_dataset,27.5,22.220000000000002,False,59.99,38.0,30.41,0.22678936605316982,10.5,0.36858685868586843
2026-05-04T21:50:03.401267+00:00,DiDi Food,Ciudad de Mexico,Narvarte,residencial,MXCDMX-006,"Av. Universidad 740, Narvarte, CDMX",Big Mac,McDonald's,True,87.92,33.42,5.28,19.34,29.0,37.0,107.28,,reproducible_seed_dataset,33.0,38.7,False,124.63,38.5,41.580000000000005,0.16172632363907527,5.5,0.07441860465116285
2026-05-04T21:50:03.401267+00:00,DiDi Food,Ciudad de Mexico,Narvarte,residencial,MXCDMX-006,"Av. Universidad 740, Narvarte, CDMX",Combo mediano,McDonald's,True,139.22,25.54,8.35,15.31,33.0,43.0,157.8,,reproducible_seed_dataset,38.0,33.89,False,194.86,43.0,52.120000000000005,0.23485424588086184,5.0,0.5379167896134555
2026-05-04T21:50:03.401267+00:00,DiDi Food,Ciudad de Mexico,Narvarte,residencial,MXCDMX-006,"Av. Universidad 740, Narvarte, CDMX",Nuggets 10 piezas,McDonald's,True,104.39,28.01,6.26,11.48,28.0,43.0,127.18,,reproducible_seed_dataset,35.5,34.27,False,150.38,34.0,54.050000000000004,0.18241861927976086,-1.5,0.5771812080536912
2026-05-04T21:50:03.401267+00:00,DiDi Food,Ciudad de Mexico,Narvarte,residencial,MXCDMX-006,"Av. Universidad 740, Narvarte, CDMX",Coca-Cola 500ml,Retail benchmark,True,32.41,39.2,1.94,7.13,33.0,48.0,66.42,,reproducible_seed_dataset,40.5,41.14,False,59.72,43.0,26.060000000000002,-0.10087323095453181,2.5,-0.36655323286339325
2026-05-04T21:50:03.401267+00:00,DiDi Food,Ciudad de Mexico,Narvarte,residencial,MXCDMX-006,"Av. Universidad 740, Narvarte, CDMX",Agua 1L,Retail benchmark,True,27.87,17.65,1.67,3.07,22.0,37.0,44.12,,reproducible_seed_dataset,29.5,19.32,False,68.08,46.5,41.64,0.5430643699002721,17.0,1.15527950310559
2026-05-04T21:50:03.401267+00:00,DiDi Food,Ciudad de Mexico,Iztapalapa,periferica,MXCDMX-007,"Av. Ermita Iztapalapa 1800, Iztapalapa, CDMX",Big Mac,McDonald's,True,83.68,16.93,5.02,9.2,39.0,54.0,96.43,,reproducible_seed_dataset,46.5,21.95,False,112.0,35.5,34.47,0.16146427460333912,-11.0,0.5703872437357631
2026-05-04T21:50:03.401267+00:00,DiDi Food,Ciudad de Mexico,Iztapalapa,periferica,MXCDMX-007,"Av. Ermita Iztapalapa 1800, Iztapalapa, CDMX",Combo mediano,McDonald's,True,131.27,32.0,7.88,28.88,29.0,44.0,142.27,,reproducible_seed_dataset,36.5,39.88,False,184.44,36.0,42.160000000000004,0.2964082378575946,-0.5,0.05717151454363092
2026-05-04T21:50:03.401267+00:00,DiDi Food,Ciudad de Mexico,Iztapalapa,periferica,MXCDMX-007,"Av. Ermita Iztapalapa 1800, Iztapalapa, CDMX",Nuggets 10 piezas,McDonald's,True,102.52,28.61,6.15,11.28,45.0,53.0,126.0,,reproducible_seed_dataset,49.0,34.76,False,136.51,24.0,45.74,0.08341269841269834,-25.0,0.3158803222094363
2026-05-04T21:50:03.401267+00:00,DiDi Food,Ciudad de Mexico,Iztapalapa,periferica,MXCDMX-007,"Av. Ermita Iztapalapa 1800, Iztapalapa, CDMX",Coca-Cola 500ml,Retail benchmark,True,29.01,32.4,1.74,6.38,38.0,53.0,56.77,,reproducible_seed_dataset,45.5,34.14,False,50.18,33.5,21.020000000000003,-0.11608243790734549,-12.0,-0.38429994141769175
2026-05-04T21:50:03.401267+00:00,DiDi Food,Ciudad de Mexico,Iztapalapa,periferica,MXCDMX-007,"Av. Ermita Iztapalapa 1800, Iztapalapa, CDMX",Agua 1L,Retail benchmark,True,25.5,22.19,1.53,2.81,27.0,39.0,46.41,,reproducible_seed_dataset,33.0,23.720000000000002,False,50.59,32.0,26.77,0.09006679594914904,-1.0,0.12858347386171992
2026-05-04T21:50:03.401267+00:00,DiDi Food,Ciudad de Mexico,Lindavista,residencial,MXCDMX-008,"Av. Montevideo 303, Lindavista, CDMX",Big Mac,McDonald's,True,85.06,37.71,5.1,0.0,40.0,55.0,127.87,,reproducible_seed_dataset,47.5,42.81,False,138.23,36.0,49.62,0.08101978571987163,-11.5,0.15907498248072868
2026-05-04T21:50:03.401267+00:00,DiDi Food,Ciudad de Mexico,Lindavista,residencial,MXCDMX-008,"Av. Montevideo 303, Lindavista, CDMX",Combo mediano,McDonald's,True,143.14,33.19,8.59,0.0,23.0,35.0,184.92,,reproducible_seed_dataset,29.0,41.78,False,196.88,41.5,47.24,0.06467661691542294,12.5,0.13068453805648636
2026-05-04T21:50:03.401267+00:00,DiDi Food,Ciudad de Mexico,Lindavista,residencial,MXCDMX-008,"Av. Montevideo 303, Lindavista, CDMX",Nuggets 10 piezas,McDonald's,True,104.12,29.88,6.25,11.45,35.0,45.0,128.8,,reproducible_seed_dataset,40.0,36.129999999999995,False,136.95,40.0,37.36,0.06327639751552777,0.0,0.03404373097149195
2026-05-04T21:50:03.401267+00:00,DiDi Food,Ciudad de Mexico,Lindavista,residencial,MXCDMX-008,"Av. Montevideo 303, Lindavista, CDMX",Coca-Cola 500ml,Retail benchmark,True,30.98,38.92,1.86,3.41,41.0,56.0,68.35,,reproducible_seed_dataset,48.5,40.78,False,70.23,34.0,39.919999999999995,0.02750548646671558,-14.5,-0.021088769004414087
2026-05-04T21:50:03.401267+00:00,DiDi Food,Ciudad de Mexico,Lindavista,residencial,MXCDMX-008,"Av. Montevideo 303, Lindavista, CDMX",Agua 1L,Retail benchmark,True,27.76,31.21,1.67,6.11,22.0,32.0,54.53,,reproducible_seed_dataset,27.0,32.88,False,59.77,25.0,31.62,0.0960938932697598,-2.0,-0.03832116788321172
2026-05-04T21:50:03.401267+00:00,DiDi Food,Ciudad de Mexico,Tlalpan,periferica,MXCDMX-009,"Calz. de Tlalpan 4500, Tlalpan, CDMX",Big Mac,McDonald's,True,81.02,16.59,4.86,8.91,33.0,45.0,93.56,,reproducible_seed_dataset,39.0,21.45,False,108.71,28.0,27.060000000000002,0.1619281744335185,-11.0,0.26153846153846166
2026-05-04T21:50:03.401267+00:00,DiDi Food,Ciudad de Mexico,Tlalpan,periferica,MXCDMX-009,"Calz. de Tlalpan 4500, Tlalpan, CDMX",Combo mediano,McDonald's,True,136.79,22.31,8.21,30.09,35.0,50.0,137.22,,reproducible_seed_dataset,42.5,30.52,False,177.86,32.0,49.650000000000006,0.29616673954234085,-10.5,0.6268020969855834
2026-05-04T21:50:03.401267+00:00,DiDi Food,Ciudad de Mexico,Tlalpan,periferica,MXCDMX-009,"Calz. de Tlalpan 4500, Tlalpan, CDMX",Nuggets 10 piezas,McDonald's,True,99.8,25.31,5.99,10.98,28.0,36.0,120.12,,reproducible_seed_dataset,32.0,31.299999999999997,False,152.17,43.0,51.989999999999995,0.2668165168165167,11.0,0.6610223642172524
2026-05-04T21:50:03.401267+00:00,DiDi Food,Ciudad de Mexico,Tlalpan,periferica,MXCDMX-009,"Calz. de Tlalpan 4500, Tlalpan, CDMX",Coca-Cola 500ml,Retail benchmark,True,28.88,26.74,1.73,0.0,40.0,55.0,57.35,,reproducible_seed_dataset,47.5,28.47,False,70.86,36.0,40.43,0.23557105492589359,-11.5,0.4200913242009133
2026-05-04T21:50:03.401267+00:00,DiDi Food,Ciudad de Mexico,Tlalpan,periferica,MXCDMX-009,"Calz. de Tlalpan 4500, Tlalpan, CDMX",Agua 1L,Retail benchmark,True,24.72,23.08,1.48,2.72,39.0,47.0,46.56,,reproducible_seed_dataset,43.0,24.56,False,72.54,27.0,45.18,0.5579896907216495,-16.0,0.8395765472312704
2026-05-04T21:50:03.401267+00:00,DiDi Food,Ciudad de Mexico,Centro Historico,turistica,MXCDMX-010,"5 de Mayo 49, Centro Historico, CDMX",Big Mac,McDonald's,False,,,,,,,,,reproducible_seed_dataset,,,False,149.66,46.5,59.56,,,
2026-05-04T21:50:03.401267+00:00,DiDi Food,Ciudad de Mexico,Centro Historico,turistica,MXCDMX-010,"5 de Mayo 49, Centro Historico, CDMX",Combo mediano,McDonald's,True,142.32,29.86,8.54,31.31,28.0,36.0,149.41,,reproducible_seed_dataset,32.0,38.4,False,214.99,41.0,54.010000000000005,0.43892644401311837,9.0,0.4065104166666669
2026-05-04T21:50:03.401267+00:00,DiDi Food,Ciudad de Mexico,Centro Historico,turistica,MXCDMX-010,"5 de Mayo 49, Centro Historico, CDMX",Nuggets 10 piezas,McDonald's,True,111.46,30.5,6.69,12.26,19.0,29.0,136.39,,reproducible_seed_dataset,24.0,37.19,False,149.07,33.0,32.879999999999995,0.09296869271940764,9.0,-0.11589136864748595
2026-05-04T21:50:03.401267+00:00,DiDi Food,Ciudad de Mexico,Centro Historico,turistica,MXCDMX-010,"5 de Mayo 49, Centro Historico, CDMX",Coca-Cola 500ml,Retail benchmark,True,33.42,20.44,2.01,3.68,39.0,51.0,52.19,,reproducible_seed_dataset,45.0,22.450000000000003,False,85.89,36.0,54.76,0.6457175704157886,-9.0,1.4391982182628058
2026-05-04T21:50:03.401267+00:00,DiDi Food,Ciudad de Mexico,Centro Historico,turistica,MXCDMX-010,"5 de Mayo 49, Centro Historico, CDMX",Agua 1L,Retail benchmark,True,29.35,33.86,1.76,3.23,41.0,56.0,61.74,,reproducible_seed_dataset,48.5,35.62,False,67.01,38.5,38.849999999999994,0.08535795270489153,-10.0,0.09067939359910154
2026-05-04T21:50:03.401267+00:00,DiDi Food,Guadalajara,Providencia,premium,MXGDL-001,"Av. Americas 1254, Providencia, Guadalajara",Big Mac,McDonald's,False,,,,,,,,,reproducible_seed_dataset,,,False,158.98,42.0,62.14,,,
2026-05-04T21:50:03.401267+00:00,DiDi Food,Guadalajara,Providencia,premium,MXGDL-001,"Av. Americas 1254, Providencia, Guadalajara",Combo mediano,McDonald's,True,162.97,41.4,9.78,17.93,39.0,49.0,196.22,,reproducible_seed_dataset,44.0,51.18,False,211.12,45.0,59.39,0.0759351748037917,1.0,0.1604142243063697
2026-05-04T21:50:03.401267+00:00,DiDi Food,Guadalajara,Providencia,premium,MXGDL-001,"Av. Americas 1254, Providencia, Guadalajara",Nuggets 10 piezas,McDonald's,True,117.85,35.73,7.07,25.93,25.0,35.0,134.72,,reproducible_seed_dataset,30.0,42.8,False,172.64,34.0,54.24,0.28147268408551057,4.0,0.2672897196261684
2026-05-04T21:50:03.401267+00:00,DiDi Food,Guadalajara,Providencia,premium,MXGDL-001,"Av. Americas 1254, Providencia, Guadalajara",Coca-Cola 500ml,Retail benchmark,True,36.51,36.01,2.19,4.02,39.0,47.0,70.69,,reproducible_seed_dataset,43.0,38.199999999999996,False,86.27,33.5,53.43,0.22039892488329324,-9.5,0.39869109947643994
2026-05-04T21:50:03.401267+00:00,DiDi Food,Guadalajara,Providencia,premium,MXGDL-001,"Av. Americas 1254, Providencia, Guadalajara",Agua 1L,Retail benchmark,True,31.43,19.94,1.89,3.46,27.0,42.0,49.8,,reproducible_seed_dataset,34.5,21.830000000000002,False,76.62,26.0,44.85,0.5385542168674701,-8.5,1.0545121392579018
2026-05-04T21:50:03.401267+00:00,DiDi Food,Guadalajara,Chapalita,residencial,MXGDL-002,"Av. Guadalupe 1450, Chapalita, Guadalajara",Big Mac,McDonald's,True,89.15,38.32,5.35,19.61,22.0,37.0,113.21,,reproducible_seed_dataset,29.5,43.67,False,126.14,36.0,43.85,0.11421252539528316,6.5,0.004121822761621243
2026-05-04T21:50:03.401267+00:00,DiDi Food,Guadalajara,Chapalita,residencial,MXGDL-002,"Av. Guadalupe 1450, Chapalita, Guadalajara",Combo mediano,McDonald's,True,148.23,22.7,8.89,32.61,29.0,44.0,147.21,,reproducible_seed_dataset,36.5,31.59,False,193.37,47.0,57.589999999999996,0.3135656545071666,10.5,0.8230452674897119
2026-05-04T21:50:03.401267+00:00,DiDi Food,Guadalajara,Chapalita,residencial,MXGDL-002,"Av. Guadalupe 1450, Chapalita, Guadalajara",Nuggets 10 piezas,McDonald's,True,104.0,24.84,6.24,22.88,28.0,40.0,112.2,,reproducible_seed_dataset,34.0,31.08,False,140.17,26.0,31.840000000000003,0.24928698752228148,-8.0,0.024453024453024618
2026-05-04T21:50:03.401267+00:00,DiDi Food,Guadalajara,Chapalita,residencial,MXGDL-002,"Av. Guadalupe 1450, Chapalita, Guadalajara",Coca-Cola 500ml,Retail benchmark,True,30.65,40.46,1.84,3.37,21.0,31.0,69.58,,reproducible_seed_dataset,26.0,42.300000000000004,False,83.57,33.5,53.83,0.20106352400114968,7.5,0.2725768321513001
2026-05-04T21:50:03.401267+00:00,DiDi Food,Guadalajara,Chapalita,residencial,MXGDL-002,"Av. Guadalupe 1450, Chapalita, Guadalajara",Agua 1L,Retail benchmark,True,27.7,16.03,1.66,3.05,25.0,35.0,42.34,,reproducible_seed_dataset,30.0,17.69,False,,,,,,
2026-05-04T21:50:03.401267+00:00,DiDi Food,Guadalajara,Centro,alta demanda,MXGDL-003,"Av. Juarez 211, Centro, Guadalajara",Big Mac,McDonald's,True,86.38,33.34,5.18,19.0,38.0,48.0,105.9,,reproducible_seed_dataset,43.0,38.52,False,135.8,27.0,54.91,0.28234183191690276,-16.0,0.4254932502596052
2026-05-04T21:50:03.401267+00:00,DiDi Food,Guadalajara,Centro,alta demanda,MXGDL-003,"Av. Juarez 211, Centro, Guadalajara",Combo mediano,McDonald's,True,151.94,26.94,9.12,16.71,29.0,37.0,171.29,,reproducible_seed_dataset,33.0,36.06,False,189.79,23.0,57.62,0.10800396987564949,-10.0,0.5978924015529671
2026-05-04T21:50:03.401267+00:00,DiDi Food,Guadalajara,Centro,alta demanda,MXGDL-003,"Av. Juarez 211, Centro, Guadalajara",Nuggets 10 piezas,McDonald's,True,107.95,22.72,6.48,0.0,37.0,52.0,137.15,,reproducible_seed_dataset,44.5,29.2,False,169.62,37.0,55.78,0.23674808603718556,-7.5,0.9102739726027398
2026-05-04T21:50:03.401267+00:00,DiDi Food,Guadalajara,Centro,alta demanda,MXGDL-003,"Av. Juarez 211, Centro, Guadalajara",Coca-Cola 500ml,Retail benchmark,True,33.35,18.42,2.0,0.0,38.0,50.0,53.77,,reproducible_seed_dataset,44.0,20.42,False,78.5,30.0,48.96,0.4599218895294773,-14.0,1.3976493633692457
2026-05-04T21:50:03.401267+00:00,DiDi Food,Guadalajara,Centro,alta demanda,MXGDL-003,"Av. Juarez 211, Centro, Guadalajara",Agua 1L,Retail benchmark,True,28.41,31.53,1.7,6.25,33.0,41.0,55.39,,reproducible_seed_dataset,37.0,33.230000000000004,False,64.36,42.5,36.31,0.16194258891496657,5.5,0.09268733072524821
2026-05-04T21:50:03.401267+00:00,DiDi Food,Monterrey,San Pedro,premium,MXMTY-001,"Calzada del Valle 400, San Pedro Garza Garcia",Big Mac,McDonald's,True,93.89,36.94,5.63,20.66,32.0,44.0,115.8,,reproducible_seed_dataset,38.0,42.57,False,163.45,42.0,64.27,0.41148531951640754,4.0,0.5097486492835329
2026-05-04T21:50:03.401267+00:00,DiDi Food,Monterrey,San Pedro,premium,MXMTY-001,"Calzada del Valle 400, San Pedro Garza Garcia",Combo mediano,McDonald's,False,,,,,,,,,reproducible_seed_dataset,,,False,196.86,35.0,47.78,,,
2026-05-04T21:50:03.401267+00:00,DiDi Food,Monterrey,San Pedro,premium,MXMTY-001,"Calzada del Valle 400, San Pedro Garza Garcia",Nuggets 10 piezas,McDonald's,True,122.73,25.7,7.36,0.0,19.0,34.0,155.79,,reproducible_seed_dataset,26.5,33.06,False,143.23,32.0,35.29,-0.0806213492521985,5.5,0.06745311554748931
2026-05-04T21:50:03.401267+00:00,DiDi Food,Monterrey,San Pedro,premium,MXMTY-001,"Calzada del Valle 400, San Pedro Garza Garcia",Coca-Cola 500ml,Retail benchmark,True,34.7,37.67,2.08,7.63,33.0,45.0,66.82,,reproducible_seed_dataset,39.0,39.75,False,88.99,36.0,55.419999999999995,0.33178689015264895,-3.0,0.3942138364779873
2026-05-04T21:50:03.401267+00:00,DiDi Food,Monterrey,San Pedro,premium,MXMTY-001,"Calzada del Valle 400, San Pedro Garza Garcia",Agua 1L,Retail benchmark,True,31.82,18.56,1.91,0.0,31.0,39.0,52.29,,reproducible_seed_dataset,35.0,20.47,False,81.68,28.0,49.51,0.5620577548288394,-7.0,1.4186614557889594
2026-05-04T21:50:03.401267+00:00,DiDi Food,Monterrey,Tecnologico,universitaria,MXMTY-002,"Av. Eugenio Garza Sada 2501, Monterrey",Big Mac,McDonald's,True,86.72,36.04,5.2,19.08,34.0,49.0,108.88,,reproducible_seed_dataset,41.5,41.24,False,121.71,39.0,43.46,0.11783614988978691,-2.5,0.05383123181377301
2026-05-04T21:50:03.401267+00:00,DiDi Food,Monterrey,Tecnologico,universitaria,MXMTY-002,"Av. Eugenio Garza Sada 2501, Monterrey",Combo mediano,McDonald's,True,137.11,34.47,8.23,0.0,31.0,41.0,179.81,,reproducible_seed_dataset,36.0,42.7,False,160.0,35.0,39.47,-0.11017184806184306,-1.0,-0.07564402810304459
2026-05-04T21:50:03.401267+00:00,DiDi Food,Monterrey,Tecnologico,universitaria,MXMTY-002,"Av. Eugenio Garza Sada 2501, Monterrey",Nuggets 10 piezas,McDonald's,True,102.27,18.6,6.14,0.0,31.0,43.0,127.01,,reproducible_seed_dataset,37.0,24.740000000000002,False,133.33,31.0,34.97,0.049759861428234055,-6.0,0.41350040420371853
2026-05-04T21:50:03.401267+00:00,DiDi Food,Monterrey,Tecnologico,universitaria,MXMTY-002,"Av. Eugenio Garza Sada 2501, Monterrey",Coca-Cola 500ml,Retail benchmark,True,28.86,30.86,1.73,0.0,25.0,40.0,61.45,,reproducible_seed_dataset,32.5,32.589999999999996,False,60.58,40.0,31.66,-0.01415785191212375,7.5,-0.028536360846885434
2026-05-04T21:50:03.401267+00:00,DiDi Food,Monterrey,Tecnologico,universitaria,MXMTY-002,"Av. Eugenio Garza Sada 2501, Monterrey",Agua 1L,Retail benchmark,True,26.4,29.96,1.58,2.9,29.0,41.0,55.04,,reproducible_seed_dataset,35.0,31.54,False,61.41,31.0,36.61,0.11573401162790693,-4.0,0.16074825618262525
2026-05-04T21:50:03.401267+00:00,DiDi Food,Monterrey,Centro,alta demanda,MXMTY-003,"Padre Mier 201, Centro, Monterrey",Big Mac,McDonald's,True,91.38,22.26,5.48,10.05,35.0,50.0,109.07,,reproducible_seed_dataset,42.5,27.740000000000002,False,145.39,42.0,50.29,0.3329971577885761,-0.5,0.812905551550108
2026-05-04T21:50:03.401267+00:00,DiDi Food,Monterrey,Centro,alta demanda,MXMTY-003,"Padre Mier 201, Centro, Monterrey",Combo mediano,McDonald's,True,142.54,41.6,8.55,15.68,42.0,52.0,177.01,,reproducible_seed_dataset,47.0,50.150000000000006,False,191.79,29.0,54.239999999999995,0.08349810745155642,-18.0,0.08155533399800576
2026-05-04T21:50:03.401267+00:00,DiDi Food,Monterrey,Centro,alta demanda,MXMTY-003,"Padre Mier 201, Centro, Monterrey",Nuggets 10 piezas,McDonald's,True,114.86,42.1,6.89,12.63,39.0,54.0,151.22,,reproducible_seed_dataset,46.5,48.99,False,142.49,32.5,33.89,-0.05773045893400337,-14.0,-0.30822616860583796
2026-05-04T21:50:03.401267+00:00,DiDi Food,Monterrey,Centro,alta demanda,MXMTY-003,"Padre Mier 201, Centro, Monterrey",Coca-Cola 500ml,Retail benchmark,True,32.03,20.25,1.92,0.0,40.0,50.0,54.2,,reproducible_seed_dataset,45.0,22.17,False,56.15,33.0,25.57,0.03597785977859771,-12.0,0.153360396932792
2026-05-04T21:50:03.401267+00:00,DiDi Food,Monterrey,Centro,alta demanda,MXMTY-003,"Padre Mier 201, Centro, Monterrey",Agua 1L,Retail benchmark,True,27.0,28.72,1.62,2.97,33.0,41.0,54.37,,reproducible_seed_dataset,37.0,30.34,False,76.72,45.0,50.059999999999995,0.4110722825087365,8.0,0.6499670402109425
2026-05-04T21:50:03.401267+00:00,DiDi Food,Puebla,Angelopolis,premium,MXPUE-001,"Blvd. del Nino Poblano 2510, Puebla",Big Mac,McDonald's,True,99.28,32.46,5.96,10.92,21.0,29.0,126.78,,reproducible_seed_dataset,25.0,38.42,False,135.21,42.0,34.370000000000005,0.06649313771888316,17.0,-0.10541384695471101
2026-05-04T21:50:03.401267+00:00,DiDi Food,Puebla,Angelopolis,premium,MXPUE-001,"Blvd. del Nino Poblano 2510, Puebla",Combo mediano,McDonald's,True,158.63,35.71,9.52,17.45,26.0,34.0,186.41,,reproducible_seed_dataset,30.0,45.230000000000004,False,229.31,45.0,65.07,0.23013786814012127,15.0,0.43864691576387327
2026-05-04T21:50:03.401267+00:00,DiDi Food,Puebla,Angelopolis,premium,MXPUE-001,"Blvd. del Nino Poblano 2510, Puebla",Nuggets 10 piezas,McDonald's,True,114.48,24.31,6.87,25.19,35.0,47.0,120.47,,reproducible_seed_dataset,41.0,31.18,False,187.38,25.0,65.78,0.5554079853905537,-16.0,1.109685695958948
2026-05-04T21:50:03.401267+00:00,DiDi Food,Puebla,Angelopolis,premium,MXPUE-001,"Blvd. del Nino Poblano 2510, Puebla",Coca-Cola 500ml,Retail benchmark,True,34.6,27.12,2.08,7.61,23.0,38.0,56.19,,reproducible_seed_dataset,30.5,29.200000000000003,False,76.39,29.0,38.42,0.35949457198789825,-1.5,0.3157534246575342
2026-05-04T21:50:03.401267+00:00,DiDi Food,Puebla,Angelopolis,premium,MXPUE-001,"Blvd. del Nino Poblano 2510, Puebla",Agua 1L,Retail benchmark,True,30.66,22.6,1.84,0.0,21.0,36.0,55.1,,reproducible_seed_dataset,28.5,24.44,False,85.2,25.5,53.06,0.5462794918330308,-3.0,1.1710310965630115
2026-05-04T21:50:03.401267+00:00,DiDi Food,Puebla,Centro,alta demanda,MXPUE-002,"Av. Reforma 113, Centro, Puebla",Big Mac,McDonald's,False,,,,,,,,,reproducible_seed_dataset,,,False,,,,,,
2026-05-04T21:50:03.401267+00:00,DiDi Food,Puebla,Centro,alta demanda,MXPUE-002,"Av. Reforma 113, Centro, Puebla",Combo mediano,McDonald's,True,148.91,41.16,8.93,16.38,30.0,38.0,182.62,,reproducible_seed_dataset,34.0,50.089999999999996,False,201.04,23.0,50.8,0.10086518453619531,-11.0,0.014174485925334416
2026-05-04T21:50:03.401267+00:00,DiDi Food,Puebla,Centro,alta demanda,MXPUE-002,"Av. Reforma 113, Centro, Puebla",Nuggets 10 piezas,McDonald's,True,110.31,26.52,6.62,24.27,26.0,34.0,119.18,,reproducible_seed_dataset,30.0,33.14,False,136.73,29.0,31.020000000000003,0.14725625104883355,-1.0,-0.06397103198551592
2026-05-04T21:50:03.401267+00:00,DiDi Food,Puebla,Centro,alta demanda,MXPUE-002,"Av. Reforma 113, Centro, Puebla",Coca-Cola 500ml,Retail benchmark,False,,,,,,,,,reproducible_seed_dataset,,,False,67.45,46.5,36.019999999999996,,,
2026-05-04T21:50:03.401267+00:00,DiDi Food,Puebla,Centro,alta demanda,MXPUE-002,"Av. Reforma 113, Centro, Puebla",Agua 1L,Retail benchmark,True,27.46,32.2,1.65,6.04,43.0,58.0,55.27,,reproducible_seed_dataset,50.5,33.85,False,72.2,46.0,45.379999999999995,0.30631445630540977,-4.5,0.3406203840472672
2026-05-04T21:50:03.401267+00:00,DiDi Food,Queretaro,Juriquilla,residencial,MXQRO-001,"Blvd. Universitario 1000, Juriquilla, Queretaro",Big Mac,McDonald's,True,85.04,31.86,5.1,18.71,26.0,38.0,103.29,,reproducible_seed_dataset,32.0,36.96,False,115.42,46.5,28.77,0.11743634427340492,14.5,-0.22159090909090912
2026-05-04T21:50:03.401267+00:00,DiDi Food,Queretaro,Juriquilla,residencial,MXQRO-001,"Blvd. Universitario 1000, Juriquilla, Queretaro",Combo mediano,McDonald's,True,136.34,32.02,8.18,29.99,43.0,53.0,146.55,,reproducible_seed_dataset,48.0,40.2,False,206.27,38.0,62.87,0.4075059706584783,-10.0,0.5639303482587062
2026-05-04T21:50:03.401267+00:00,DiDi Food,Queretaro,Juriquilla,residencial,MXQRO-001,"Blvd. Universitario 1000, Juriquilla, Queretaro",Nuggets 10 piezas,McDonald's,True,108.1,38.75,6.49,11.89,41.0,49.0,141.45,,reproducible_seed_dataset,45.0,45.24,False,145.58,40.0,37.78,0.029197596323789494,-5.0,-0.16489832007073388
2026-05-04T21:50:03.401267+00:00,DiDi Food,Queretaro,Juriquilla,residencial,MXQRO-001,"Blvd. Universitario 1000, Juriquilla, Queretaro",Coca-Cola 500ml,Retail benchmark,True,29.89,16.65,1.79,6.58,39.0,51.0,41.75,,reproducible_seed_dataset,45.0,18.439999999999998,False,58.31,42.0,25.96,0.3966467065868264,-3.0,0.40780911062906744
2026-05-04T21:50:03.401267+00:00,DiDi Food,Queretaro,Juriquilla,residencial,MXQRO-001,"Blvd. Universitario 1000, Juriquilla, Queretaro",Agua 1L,Retail benchmark,True,28.16,26.23,1.69,6.2,20.0,32.0,49.88,,reproducible_seed_dataset,26.0,27.92,False,65.15,34.0,39.55,0.30613472333600644,8.0,0.41654727793696256
2026-05-04T21:50:03.401267+00:00,DiDi Food,Queretaro,Centro Sur,corporativa,MXQRO-002,"Blvd. Bernardo Quintana 7001, Queretaro",Big Mac,McDonald's,True,92.92,27.88,5.58,20.44,34.0,46.0,105.94,,reproducible_seed_dataset,40.0,33.46,False,122.83,34.5,37.17,0.1594298659618652,-5.5,0.11087866108786613
2026-05-04T21:50:03.401267+00:00,DiDi Food,Queretaro,Centro Sur,corporativa,MXQRO-002,"Blvd. Bernardo Quintana 7001, Queretaro",Combo mediano,McDonald's,True,146.94,30.77,8.82,32.33,26.0,34.0,154.2,,reproducible_seed_dataset,30.0,39.59,False,192.19,35.0,48.480000000000004,0.24636835278858632,5.0,0.2245516544581965
2026-05-04T21:50:03.401267+00:00,DiDi Food,Queretaro,Centro Sur,corporativa,MXQRO-002,"Blvd. Bernardo Quintana 7001, Queretaro",Nuggets 10 piezas,McDonald's,True,110.72,27.12,6.64,12.18,33.0,45.0,132.3,,reproducible_seed_dataset,39.0,33.76,False,160.49,47.0,55.47,0.21307634164777017,8.0,0.643068720379147
2026-05-04T21:50:03.401267+00:00,DiDi Food,Queretaro,Centro Sur,corporativa,MXQRO-002,"Blvd. Bernardo Quintana 7001, Queretaro",Coca-Cola 500ml,Retail benchmark,True,32.85,30.9,1.97,7.23,20.0,28.0,58.49,,reproducible_seed_dataset,24.0,32.87,False,66.92,25.0,36.65,0.14412720123097963,1.0,0.11499847885609983
2026-05-04T21:50:03.401267+00:00,DiDi Food,Queretaro,Centro Sur,corporativa,MXQRO-002,"Blvd. Bernardo Quintana 7001, Queretaro",Agua 1L,Retail benchmark,True,29.14,29.92,1.75,3.21,23.0,33.0,57.6,,reproducible_seed_dataset,28.0,31.67,False,61.9,26.5,32.06,0.07465277777777772,-1.5,0.012314493211240939
