scraped_at,platform,city,zone,zone_type,address_id,address,product,restaurant,available,product_price_mxn,delivery_fee_mxn,service_fee_mxn,discount_mxn,eta_min_minutes,eta_max_minutes,final_total_mxn,evidence_url,notes
2026-05-04T21:50:03.401267+00:00,Rappi,Ciudad de Mexico,Roma Norte,alta demanda,MXCDMX-001,"Av. Alvaro Obregon 120, Roma Norte, CDMX",Big Mac,McDonald's,True,88.23,29.2,7.06,0.0,21.0,29.0,124.49,,reproducible_seed_dataset
2026-05-04T21:50:03.401267+00:00,Rappi,Ciudad de Mexico,Roma Norte,alta demanda,MXCDMX-001,"Av. Alvaro Obregon 120, Roma Norte, CDMX",Combo mediano,McDonald's,True,156.7,22.92,12.54,7.83,18.0,26.0,184.33,,reproducible_seed_dataset
2026-05-04T21:50:03.401267+00:00,Rappi,Ciudad de Mexico,Roma Norte,alta demanda,MXCDMX-001,"Av. Alvaro Obregon 120, Roma Norte, CDMX",Nuggets 10 piezas,McDonald's,True,113.45,20.91,9.08,0.0,35.0,50.0,143.44,,reproducible_seed_dataset
2026-05-04T21:50:03.401267+00:00,Rappi,Ciudad de Mexico,Roma Norte,alta demanda,MXCDMX-001,"Av. Alvaro Obregon 120, Roma Norte, CDMX",Coca-Cola 500ml,Retail benchmark,True,33.58,47.04,2.69,0.0,36.0,46.0,83.31,,reproducible_seed_dataset
2026-05-04T21:50:03.401267+00:00,Rappi,Ciudad de Mexico,Roma Norte,alta demanda,MXCDMX-001,"Av. Alvaro Obregon 120, Roma Norte, CDMX",Agua 1L,Retail benchmark,True,28.67,25.21,2.29,1.43,20.0,35.0,54.74,,reproducible_seed_dataset
2026-05-04T21:50:03.401267+00:00,Rappi,Ciudad de Mexico,Condesa,alta demanda,MXCDMX-002,"Av. Tamaulipas 150, Condesa, CDMX",Big Mac,McDonald's,True,97.15,24.64,7.77,4.86,20.0,28.0,124.7,,reproducible_seed_dataset
2026-05-04T21:50:03.401267+00:00,Rappi,Ciudad de Mexico,Condesa,alta demanda,MXCDMX-002,"Av. Tamaulipas 150, Condesa, CDMX",Combo mediano,McDonald's,True,145.66,25.36,11.65,14.57,28.0,36.0,168.1,,reproducible_seed_dataset
2026-05-04T21:50:03.401267+00:00,Rappi,Ciudad de Mexico,Condesa,alta demanda,MXCDMX-002,"Av. Tamaulipas 150, Condesa, CDMX",Nuggets 10 piezas,McDonald's,True,114.47,35.64,9.16,5.72,41.0,49.0,153.55,,reproducible_seed_dataset
2026-05-04T21:50:03.401267+00:00,Rappi,Ciudad de Mexico,Condesa,alta demanda,MXCDMX-002,"Av. Tamaulipas 150, Condesa, CDMX",Coca-Cola 500ml,Retail benchmark,True,32.02,49.55,2.56,1.6,36.0,48.0,82.53,,reproducible_seed_dataset
2026-05-04T21:50:03.401267+00:00,Rappi,Ciudad de Mexico,Condesa,alta demanda,MXCDMX-002,"Av. Tamaulipas 150, Condesa, CDMX",Agua 1L,Retail benchmark,True,28.94,35.16,2.32,2.89,39.0,51.0,63.53,,reproducible_seed_dataset
2026-05-04T21:50:03.401267+00:00,Rappi,Ciudad de Mexico,Polanco,premium,MXCDMX-003,"Av. Presidente Masaryk 320, Polanco, CDMX",Big Mac,McDonald's,True,97.83,26.57,7.83,9.78,31.0,41.0,122.45,,reproducible_seed_dataset
2026-05-04T21:50:03.401267+00:00,Rappi,Ciudad de Mexico,Polanco,premium,MXCDMX-003,"Av. Presidente Masaryk 320, Polanco, CDMX",Combo mediano,McDonald's,True,169.02,28.68,13.52,0.0,33.0,45.0,211.22,,reproducible_seed_dataset
2026-05-04T21:50:03.401267+00:00,Rappi,Ciudad de Mexico,Polanco,premium,MXCDMX-003,"Av. Presidente Masaryk 320, Polanco, CDMX",Nuggets 10 piezas,McDonald's,True,122.9,48.23,9.83,12.29,33.0,41.0,168.67,,reproducible_seed_dataset
2026-05-04T21:50:03.401267+00:00,Rappi,Ciudad de Mexico,Polanco,premium,MXCDMX-003,"Av. Presidente Masaryk 320, Polanco, CDMX",Coca-Cola 500ml,Retail benchmark,True,37.02,50.82,2.96,0.0,23.0,33.0,90.8,,reproducible_seed_dataset
2026-05-04T21:50:03.401267+00:00,Rappi,Ciudad de Mexico,Polanco,premium,MXCDMX-003,"Av. Presidente Masaryk 320, Polanco, CDMX",Agua 1L,Retail benchmark,True,30.55,28.43,2.44,1.53,23.0,31.0,59.89,,reproducible_seed_dataset
2026-05-04T21:50:03.401267+00:00,Rappi,Ciudad de Mexico,Santa Fe,corporativa,MXCDMX-004,"Av. Vasco de Quiroga 3800, Santa Fe, CDMX",Big Mac,McDonald's,False,,,,,,,,,reproducible_seed_dataset
2026-05-04T21:50:03.401267+00:00,Rappi,Ciudad de Mexico,Santa Fe,corporativa,MXCDMX-004,"Av. Vasco de Quiroga 3800, Santa Fe, CDMX",Combo mediano,McDonald's,True,152.41,33.21,12.19,0.0,39.0,51.0,197.81,,reproducible_seed_dataset
2026-05-04T21:50:03.401267+00:00,Rappi,Ciudad de Mexico,Santa Fe,corporativa,MXCDMX-004,"Av. Vasco de Quiroga 3800, Santa Fe, CDMX",Nuggets 10 piezas,McDonald's,True,118.17,40.0,9.45,5.91,32.0,40.0,161.71,,reproducible_seed_dataset
2026-05-04T21:50:03.401267+00:00,Rappi,Ciudad de Mexico,Santa Fe,corporativa,MXCDMX-004,"Av. Vasco de Quiroga 3800, Santa Fe, CDMX",Coca-Cola 500ml,Retail benchmark,True,35.09,53.6,2.81,0.0,40.0,50.0,91.5,,reproducible_seed_dataset
2026-05-04T21:50:03.401267+00:00,Rappi,Ciudad de Mexico,Santa Fe,corporativa,MXCDMX-004,"Av. Vasco de Quiroga 3800, Santa Fe, CDMX",Agua 1L,Retail benchmark,True,31.72,46.97,2.54,0.0,24.0,34.0,81.23,,reproducible_seed_dataset
2026-05-04T21:50:03.401267+00:00,Rappi,Ciudad de Mexico,Coyoacan,residencial,MXCDMX-005,"Miguel Angel de Quevedo 687, Coyoacan, CDMX",Big Mac,McDonald's,True,85.78,34.69,6.86,0.0,37.0,52.0,127.33,,reproducible_seed_dataset
2026-05-04T21:50:03.401267+00:00,Rappi,Ciudad de Mexico,Coyoacan,residencial,MXCDMX-005,"Miguel Angel de Quevedo 687, Coyoacan, CDMX",Combo mediano,McDonald's,True,151.1,47.67,12.09,0.0,18.0,28.0,210.86,,reproducible_seed_dataset
2026-05-04T21:50:03.401267+00:00,Rappi,Ciudad de Mexico,Coyoacan,residencial,MXCDMX-005,"Miguel Angel de Quevedo 687, Coyoacan, CDMX",Nuggets 10 piezas,McDonald's,True,107.68,21.69,8.61,5.38,26.0,41.0,132.6,,reproducible_seed_dataset
2026-05-04T21:50:03.401267+00:00,Rappi,Ciudad de Mexico,Coyoacan,residencial,MXCDMX-005,"Miguel Angel de Quevedo 687, Coyoacan, CDMX",Coca-Cola 500ml,Retail benchmark,True,33.42,30.17,2.67,0.0,20.0,32.0,66.26,,reproducible_seed_dataset
2026-05-04T21:50:03.401267+00:00,Rappi,Ciudad de Mexico,Coyoacan,residencial,MXCDMX-005,"Miguel Angel de Quevedo 687, Coyoacan, CDMX",Agua 1L,Retail benchmark,True,29.58,28.04,2.37,0.0,32.0,44.0,59.99,,reproducible_seed_dataset
2026-05-04T21:50:03.401267+00:00,Rappi,Ciudad de Mexico,Narvarte,residencial,MXCDMX-006,"Av. Universidad 740, Narvarte, CDMX",Big Mac,McDonald's,True,92.28,34.2,7.38,9.23,31.0,46.0,124.63,,reproducible_seed_dataset
2026-05-04T21:50:03.401267+00:00,Rappi,Ciudad de Mexico,Narvarte,residencial,MXCDMX-006,"Av. Universidad 740, Narvarte, CDMX",Combo mediano,McDonald's,True,142.74,40.7,11.42,0.0,39.0,47.0,194.86,,reproducible_seed_dataset
2026-05-04T21:50:03.401267+00:00,Rappi,Ciudad de Mexico,Narvarte,residencial,MXCDMX-006,"Av. Universidad 740, Narvarte, CDMX",Nuggets 10 piezas,McDonald's,True,107.03,45.49,8.56,10.7,30.0,38.0,150.38,,reproducible_seed_dataset
2026-05-04T21:50:03.401267+00:00,Rappi,Ciudad de Mexico,Narvarte,residencial,MXCDMX-006,"Av. Universidad 740, Narvarte, CDMX",Coca-Cola 500ml,Retail benchmark,True,33.66,23.37,2.69,0.0,37.0,49.0,59.72,,reproducible_seed_dataset
2026-05-04T21:50:03.401267+00:00,Rappi,Ciudad de Mexico,Narvarte,residencial,MXCDMX-006,"Av. Universidad 740, Narvarte, CDMX",Agua 1L,Retail benchmark,True,29.38,39.29,2.35,2.94,39.0,54.0,68.08,,reproducible_seed_dataset
2026-05-04T21:50:03.401267+00:00,Rappi,Ciudad de Mexico,Iztapalapa,periferica,MXCDMX-007,"Av. Ermita Iztapalapa 1800, Iztapalapa, CDMX",Big Mac,McDonald's,True,81.61,27.94,6.53,4.08,28.0,43.0,112.0,,reproducible_seed_dataset
2026-05-04T21:50:03.401267+00:00,Rappi,Ciudad de Mexico,Iztapalapa,periferica,MXCDMX-007,"Av. Ermita Iztapalapa 1800, Iztapalapa, CDMX",Combo mediano,McDonald's,True,142.28,30.78,11.38,0.0,32.0,40.0,184.44,,reproducible_seed_dataset
2026-05-04T21:50:03.401267+00:00,Rappi,Ciudad de Mexico,Iztapalapa,periferica,MXCDMX-007,"Av. Ermita Iztapalapa 1800, Iztapalapa, CDMX",Nuggets 10 piezas,McDonald's,True,100.86,37.67,8.07,10.09,20.0,28.0,136.51,,reproducible_seed_dataset
2026-05-04T21:50:03.401267+00:00,Rappi,Ciudad de Mexico,Iztapalapa,periferica,MXCDMX-007,"Av. Ermita Iztapalapa 1800, Iztapalapa, CDMX",Coca-Cola 500ml,Retail benchmark,True,29.16,18.69,2.33,0.0,26.0,41.0,50.18,,reproducible_seed_dataset
2026-05-04T21:50:03.401267+00:00,Rappi,Ciudad de Mexico,Iztapalapa,periferica,MXCDMX-007,"Av. Ermita Iztapalapa 1800, Iztapalapa, CDMX",Agua 1L,Retail benchmark,True,26.47,24.65,2.12,2.65,26.0,38.0,50.59,,reproducible_seed_dataset
2026-05-04T21:50:03.401267+00:00,Rappi,Ciudad de Mexico,Lindavista,residencial,MXCDMX-008,"Av. Montevideo 303, Lindavista, CDMX",Big Mac,McDonald's,True,93.27,42.16,7.46,4.66,31.0,41.0,138.23,,reproducible_seed_dataset
2026-05-04T21:50:03.401267+00:00,Rappi,Ciudad de Mexico,Lindavista,residencial,MXCDMX-008,"Av. Montevideo 303, Lindavista, CDMX",Combo mediano,McDonald's,True,149.64,35.27,11.97,0.0,34.0,49.0,196.88,,reproducible_seed_dataset
2026-05-04T21:50:03.401267+00:00,Rappi,Ciudad de Mexico,Lindavista,residencial,MXCDMX-008,"Av. Montevideo 303, Lindavista, CDMX",Nuggets 10 piezas,McDonald's,True,104.83,28.97,8.39,5.24,34.0,46.0,136.95,,reproducible_seed_dataset
2026-05-04T21:50:03.401267+00:00,Rappi,Ciudad de Mexico,Lindavista,residencial,MXCDMX-008,"Av. Montevideo 303, Lindavista, CDMX",Coca-Cola 500ml,Retail benchmark,True,31.9,37.37,2.55,1.59,28.0,40.0,70.23,,reproducible_seed_dataset
2026-05-04T21:50:03.401267+00:00,Rappi,Ciudad de Mexico,Lindavista,residencial,MXCDMX-008,"Av. Montevideo 303, Lindavista, CDMX",Agua 1L,Retail benchmark,True,28.15,29.37,2.25,0.0,20.0,30.0,59.77,,reproducible_seed_dataset
2026-05-04T21:50:03.401267+00:00,Rappi,Ciudad de Mexico,Tlalpan,periferica,MXCDMX-009,"Calz. de Tlalpan 4500, Tlalpan, CDMX",Big Mac,McDonald's,True,81.65,20.53,6.53,0.0,24.0,32.0,108.71,,reproducible_seed_dataset
2026-05-04T21:50:03.401267+00:00,Rappi,Ciudad de Mexico,Tlalpan,periferica,MXCDMX-009,"Calz. de Tlalpan 4500, Tlalpan, CDMX",Combo mediano,McDonald's,True,134.96,38.85,10.8,6.75,27.0,37.0,177.86,,reproducible_seed_dataset
2026-05-04T21:50:03.401267+00:00,Rappi,Ciudad de Mexico,Tlalpan,periferica,MXCDMX-009,"Calz. de Tlalpan 4500, Tlalpan, CDMX",Nuggets 10 piezas,McDonald's,True,100.18,43.98,8.01,0.0,37.0,49.0,152.17,,reproducible_seed_dataset
2026-05-04T21:50:03.401267+00:00,Rappi,Ciudad de Mexico,Tlalpan,periferica,MXCDMX-009,"Calz. de Tlalpan 4500, Tlalpan, CDMX",Coca-Cola 500ml,Retail benchmark,True,30.43,38.0,2.43,0.0,31.0,41.0,70.86,,reproducible_seed_dataset
2026-05-04T21:50:03.401267+00:00,Rappi,Ciudad de Mexico,Tlalpan,periferica,MXCDMX-009,"Calz. de Tlalpan 4500, Tlalpan, CDMX",Agua 1L,Retail benchmark,True,27.36,42.99,2.19,0.0,21.0,33.0,72.54,,reproducible_seed_dataset
2026-05-04T21:50:03.401267+00:00,Rappi,Ciudad de Mexico,Centro Historico,turistica,MXCDMX-010,"5 de Mayo 49, Centro Historico, CDMX",Big Mac,McDonald's,True,94.84,51.97,7.59,4.74,39.0,54.0,149.66,,reproducible_seed_dataset
2026-05-04T21:50:03.401267+00:00,Rappi,Ciudad de Mexico,Centro Historico,turistica,MXCDMX-010,"5 de Mayo 49, Centro Historico, CDMX",Combo mediano,McDonald's,True,160.98,41.13,12.88,0.0,35.0,47.0,214.99,,reproducible_seed_dataset
2026-05-04T21:50:03.401267+00:00,Rappi,Ciudad de Mexico,Centro Historico,turistica,MXCDMX-010,"5 de Mayo 49, Centro Historico, CDMX",Nuggets 10 piezas,McDonald's,True,116.19,23.58,9.3,0.0,29.0,37.0,149.07,,reproducible_seed_dataset
2026-05-04T21:50:03.401267+00:00,Rappi,Ciudad de Mexico,Centro Historico,turistica,MXCDMX-010,"5 de Mayo 49, Centro Historico, CDMX",Coca-Cola 500ml,Retail benchmark,True,32.77,52.14,2.62,1.64,30.0,42.0,85.89,,reproducible_seed_dataset
2026-05-04T21:50:03.401267+00:00,Rappi,Ciudad de Mexico,Centro Historico,turistica,MXCDMX-010,"5 de Mayo 49, Centro Historico, CDMX",Agua 1L,Retail benchmark,True,29.64,36.48,2.37,1.48,31.0,46.0,67.01,,reproducible_seed_dataset
2026-05-04T21:50:03.401267+00:00,Rappi,Guadalajara,Providencia,premium,MXGDL-001,"Av. Americas 1254, Providencia, Guadalajara",Big Mac,McDonald's,True,101.94,53.98,8.16,5.1,38.0,46.0,158.98,,reproducible_seed_dataset
2026-05-04T21:50:03.401267+00:00,Rappi,Guadalajara,Providencia,premium,MXGDL-001,"Av. Americas 1254, Providencia, Guadalajara",Combo mediano,McDonald's,True,159.72,46.61,12.78,7.99,41.0,49.0,211.12,,reproducible_seed_dataset
2026-05-04T21:50:03.401267+00:00,Rappi,Guadalajara,Providencia,premium,MXGDL-001,"Av. Americas 1254, Providencia, Guadalajara",Nuggets 10 piezas,McDonald's,True,118.4,44.77,9.47,0.0,28.0,40.0,172.64,,reproducible_seed_dataset
2026-05-04T21:50:03.401267+00:00,Rappi,Guadalajara,Providencia,premium,MXGDL-001,"Av. Americas 1254, Providencia, Guadalajara",Coca-Cola 500ml,Retail benchmark,True,34.57,50.66,2.77,1.73,26.0,41.0,86.27,,reproducible_seed_dataset
2026-05-04T21:50:03.401267+00:00,Rappi,Guadalajara,Providencia,premium,MXGDL-001,"Av. Americas 1254, Providencia, Guadalajara",Agua 1L,Retail benchmark,True,31.77,42.31,2.54,0.0,22.0,30.0,76.62,,reproducible_seed_dataset
2026-05-04T21:50:03.401267+00:00,Rappi,Guadalajara,Chapalita,residencial,MXGDL-002,"Av. Guadalupe 1450, Chapalita, Guadalajara",Big Mac,McDonald's,True,86.62,36.92,6.93,4.33,30.0,42.0,126.14,,reproducible_seed_dataset
2026-05-04T21:50:03.401267+00:00,Rappi,Guadalajara,Chapalita,residencial,MXGDL-002,"Av. Guadalupe 1450, Chapalita, Guadalajara",Combo mediano,McDonald's,True,142.93,46.16,11.43,7.15,41.0,53.0,193.37,,reproducible_seed_dataset
2026-05-04T21:50:03.401267+00:00,Rappi,Guadalajara,Chapalita,residencial,MXGDL-002,"Av. Guadalupe 1450, Chapalita, Guadalajara",Nuggets 10 piezas,McDonald's,True,108.33,23.17,8.67,0.0,21.0,31.0,140.17,,reproducible_seed_dataset
2026-05-04T21:50:03.401267+00:00,Rappi,Guadalajara,Chapalita,residencial,MXGDL-002,"Av. Guadalupe 1450, Chapalita, Guadalajara",Coca-Cola 500ml,Retail benchmark,True,33.04,51.19,2.64,3.3,26.0,41.0,83.57,,reproducible_seed_dataset
2026-05-04T21:50:03.401267+00:00,Rappi,Guadalajara,Chapalita,residencial,MXGDL-002,"Av. Guadalupe 1450, Chapalita, Guadalajara",Agua 1L,Retail benchmark,False,,,,,,,,,reproducible_seed_dataset
2026-05-04T21:50:03.401267+00:00,Rappi,Guadalajara,Centro,alta demanda,MXGDL-003,"Av. Juarez 211, Centro, Guadalajara",Big Mac,McDonald's,True,89.88,47.72,7.19,8.99,22.0,32.0,135.8,,reproducible_seed_dataset
2026-05-04T21:50:03.401267+00:00,Rappi,Guadalajara,Centro,alta demanda,MXGDL-003,"Av. Juarez 211, Centro, Guadalajara",Combo mediano,McDonald's,True,146.86,45.87,11.75,14.69,18.0,28.0,189.79,,reproducible_seed_dataset
2026-05-04T21:50:03.401267+00:00,Rappi,Guadalajara,Centro,alta demanda,MXGDL-003,"Av. Juarez 211, Centro, Guadalajara",Nuggets 10 piezas,McDonald's,True,113.84,46.67,9.11,0.0,33.0,41.0,169.62,,reproducible_seed_dataset
2026-05-04T21:50:03.401267+00:00,Rappi,Guadalajara,Centro,alta demanda,MXGDL-003,"Av. Juarez 211, Centro, Guadalajara",Coca-Cola 500ml,Retail benchmark,True,32.82,46.33,2.63,3.28,25.0,35.0,78.5,,reproducible_seed_dataset
2026-05-04T21:50:03.401267+00:00,Rappi,Guadalajara,Centro,alta demanda,MXGDL-003,"Av. Juarez 211, Centro, Guadalajara",Agua 1L,Retail benchmark,True,28.05,34.07,2.24,0.0,35.0,50.0,64.36,,reproducible_seed_dataset
2026-05-04T21:50:03.401267+00:00,Rappi,Monterrey,San Pedro,premium,MXMTY-001,"Calzada del Valle 400, San Pedro Garza Garcia",Big Mac,McDonald's,True,104.4,55.92,8.35,5.22,38.0,46.0,163.45,,reproducible_seed_dataset
2026-05-04T21:50:03.401267+00:00,Rappi,Monterrey,San Pedro,premium,MXMTY-001,"Calzada del Valle 400, San Pedro Garza Garcia",Combo mediano,McDonald's,True,165.65,34.53,13.25,16.57,30.0,40.0,196.86,,reproducible_seed_dataset
2026-05-04T21:50:03.401267+00:00,Rappi,Monterrey,San Pedro,premium,MXMTY-001,"Calzada del Valle 400, San Pedro Garza Garcia",Nuggets 10 piezas,McDonald's,True,119.93,25.7,9.59,11.99,26.0,38.0,143.23,,reproducible_seed_dataset
2026-05-04T21:50:03.401267+00:00,Rappi,Monterrey,San Pedro,premium,MXMTY-001,"Calzada del Valle 400, San Pedro Garza Garcia",Coca-Cola 500ml,Retail benchmark,True,37.3,52.44,2.98,3.73,32.0,40.0,88.99,,reproducible_seed_dataset
2026-05-04T21:50:03.401267+00:00,Rappi,Monterrey,San Pedro,premium,MXMTY-001,"Calzada del Valle 400, San Pedro Garza Garcia",Agua 1L,Retail benchmark,True,32.17,46.94,2.57,0.0,22.0,34.0,81.68,,reproducible_seed_dataset
2026-05-04T21:50:03.401267+00:00,Rappi,Monterrey,Tecnologico,universitaria,MXMTY-002,"Av. Eugenio Garza Sada 2501, Monterrey",Big Mac,McDonald's,True,86.94,36.5,6.96,8.69,33.0,45.0,121.71,,reproducible_seed_dataset
2026-05-04T21:50:03.401267+00:00,Rappi,Monterrey,Tecnologico,universitaria,MXMTY-002,"Av. Eugenio Garza Sada 2501, Monterrey",Combo mediano,McDonald's,True,133.92,28.76,10.71,13.39,29.0,41.0,160.0,,reproducible_seed_dataset
2026-05-04T21:50:03.401267+00:00,Rappi,Monterrey,Tecnologico,universitaria,MXMTY-002,"Av. Eugenio Garza Sada 2501, Monterrey",Nuggets 10 piezas,McDonald's,True,109.29,26.23,8.74,10.93,27.0,35.0,133.33,,reproducible_seed_dataset
2026-05-04T21:50:03.401267+00:00,Rappi,Monterrey,Tecnologico,universitaria,MXMTY-002,"Av. Eugenio Garza Sada 2501, Monterrey",Coca-Cola 500ml,Retail benchmark,True,30.44,29.22,2.44,1.52,36.0,44.0,60.58,,reproducible_seed_dataset
2026-05-04T21:50:03.401267+00:00,Rappi,Monterrey,Tecnologico,universitaria,MXMTY-002,"Av. Eugenio Garza Sada 2501, Monterrey",Agua 1L,Retail benchmark,True,26.11,34.52,2.09,1.31,26.0,36.0,61.41,,reproducible_seed_dataset
2026-05-04T21:50:03.401267+00:00,Rappi,Monterrey,Centro,alta demanda,MXMTY-003,"Padre Mier 201, Centro, Monterrey",Big Mac,McDonald's,True,95.1,42.68,7.61,0.0,36.0,48.0,145.39,,reproducible_seed_dataset
2026-05-04T21:50:03.401267+00:00,Rappi,Monterrey,Centro,alta demanda,MXMTY-003,"Padre Mier 201, Centro, Monterrey",Combo mediano,McDonald's,True,144.79,42.66,11.58,7.24,24.0,34.0,191.79,,reproducible_seed_dataset
2026-05-04T21:50:03.401267+00:00,Rappi,Monterrey,Centro,alta demanda,MXMTY-003,"Padre Mier 201, Centro, Monterrey",Nuggets 10 piezas,McDonald's,True,114.32,24.74,9.15,5.72,25.0,40.0,142.49,,reproducible_seed_dataset
2026-05-04T21:50:03.401267+00:00,Rappi,Monterrey,Centro,alta demanda,MXMTY-003,"Padre Mier 201, Centro, Monterrey",Coca-Cola 500ml,Retail benchmark,True,33.98,22.85,2.72,3.4,27.0,39.0,56.15,,reproducible_seed_dataset
2026-05-04T21:50:03.401267+00:00,Rappi,Monterrey,Centro,alta demanda,MXMTY-003,"Padre Mier 201, Centro, Monterrey",Agua 1L,Retail benchmark,True,29.62,47.69,2.37,2.96,41.0,49.0,76.72,,reproducible_seed_dataset
2026-05-04T21:50:03.401267+00:00,Rappi,Puebla,Angelopolis,premium,MXPUE-001,"Blvd. del Nino Poblano 2510, Puebla",Big Mac,McDonald's,True,100.84,26.3,8.07,0.0,36.0,48.0,135.21,,reproducible_seed_dataset
2026-05-04T21:50:03.401267+00:00,Rappi,Puebla,Angelopolis,premium,MXPUE-001,"Blvd. del Nino Poblano 2510, Puebla",Combo mediano,McDonald's,True,164.24,51.93,13.14,0.0,40.0,50.0,229.31,,reproducible_seed_dataset
2026-05-04T21:50:03.401267+00:00,Rappi,Puebla,Angelopolis,premium,MXPUE-001,"Blvd. del Nino Poblano 2510, Puebla",Nuggets 10 piezas,McDonald's,True,128.0,55.54,10.24,6.4,19.0,31.0,187.38,,reproducible_seed_dataset
2026-05-04T21:50:03.401267+00:00,Rappi,Puebla,Angelopolis,premium,MXPUE-001,"Blvd. del Nino Poblano 2510, Puebla",Coca-Cola 500ml,Retail benchmark,True,37.97,35.38,3.04,0.0,25.0,33.0,76.39,,reproducible_seed_dataset
2026-05-04T21:50:03.401267+00:00,Rappi,Puebla,Angelopolis,premium,MXPUE-001,"Blvd. del Nino Poblano 2510, Puebla",Agua 1L,Retail benchmark,True,32.14,50.49,2.57,0.0,18.0,33.0,85.2,,reproducible_seed_dataset
2026-05-04T21:50:03.401267+00:00,Rappi,Puebla,Centro,alta demanda,MXPUE-002,"Av. Reforma 113, Centro, Puebla",Big Mac,McDonald's,False,,,,,,,,,reproducible_seed_dataset
2026-05-04T21:50:03.401267+00:00,Rappi,Puebla,Centro,alta demanda,MXPUE-002,"Av. Reforma 113, Centro, Puebla",Combo mediano,McDonald's,True,158.15,38.15,12.65,7.91,18.0,28.0,201.04,,reproducible_seed_dataset
2026-05-04T21:50:03.401267+00:00,Rappi,Puebla,Centro,alta demanda,MXPUE-002,"Av. Reforma 113, Centro, Puebla",Nuggets 10 piezas,McDonald's,True,117.46,21.62,9.4,11.75,25.0,33.0,136.73,,reproducible_seed_dataset
2026-05-04T21:50:03.401267+00:00,Rappi,Puebla,Centro,alta demanda,MXPUE-002,"Av. Reforma 113, Centro, Puebla",Coca-Cola 500ml,Retail benchmark,True,33.08,33.37,2.65,1.65,39.0,54.0,67.45,,reproducible_seed_dataset
2026-05-04T21:50:03.401267+00:00,Rappi,Puebla,Centro,alta demanda,MXPUE-002,"Av. Reforma 113, Centro, Puebla",Agua 1L,Retail benchmark,True,28.23,43.12,2.26,1.41,40.0,52.0,72.2,,reproducible_seed_dataset
2026-05-04T21:50:03.401267+00:00,Rappi,Queretaro,Juriquilla,residencial,MXQRO-001,"Blvd. Universitario 1000, Juriquilla, Queretaro",Big Mac,McDonald's,True,86.65,21.84,6.93,0.0,39.0,54.0,115.42,,reproducible_seed_dataset
2026-05-04T21:50:03.401267+00:00,Rappi,Queretaro,Juriquilla,residencial,MXQRO-001,"Blvd. Universitario 1000, Juriquilla, Queretaro",Combo mediano,McDonald's,True,150.95,50.79,12.08,7.55,34.0,42.0,206.27,,reproducible_seed_dataset
2026-05-04T21:50:03.401267+00:00,Rappi,Queretaro,Juriquilla,residencial,MXQRO-001,"Blvd. Universitario 1000, Juriquilla, Queretaro",Nuggets 10 piezas,McDonald's,True,107.8,29.16,8.62,0.0,35.0,45.0,145.58,,reproducible_seed_dataset
2026-05-04T21:50:03.401267+00:00,Rappi,Queretaro,Juriquilla,residencial,MXQRO-001,"Blvd. Universitario 1000, Juriquilla, Queretaro",Coca-Cola 500ml,Retail benchmark,True,32.35,23.37,2.59,0.0,37.0,47.0,58.31,,reproducible_seed_dataset
2026-05-04T21:50:03.401267+00:00,Rappi,Queretaro,Juriquilla,residencial,MXQRO-001,"Blvd. Universitario 1000, Juriquilla, Queretaro",Agua 1L,Retail benchmark,True,26.95,37.39,2.16,1.35,29.0,39.0,65.15,,reproducible_seed_dataset
2026-05-04T21:50:03.401267+00:00,Rappi,Queretaro,Centro Sur,corporativa,MXQRO-002,"Blvd. Bernardo Quintana 7001, Queretaro",Big Mac,McDonald's,True,95.18,29.56,7.61,9.52,27.0,42.0,122.83,,reproducible_seed_dataset
2026-05-04T21:50:03.401267+00:00,Rappi,Queretaro,Centro Sur,corporativa,MXQRO-002,"Blvd. Bernardo Quintana 7001, Queretaro",Combo mediano,McDonald's,True,151.27,36.38,12.1,7.56,29.0,41.0,192.19,,reproducible_seed_dataset
2026-05-04T21:50:03.401267+00:00,Rappi,Queretaro,Centro Sur,corporativa,MXQRO-002,"Blvd. Bernardo Quintana 7001, Queretaro",Nuggets 10 piezas,McDonald's,True,116.69,46.13,9.34,11.67,41.0,53.0,160.49,,reproducible_seed_dataset
2026-05-04T21:50:03.401267+00:00,Rappi,Queretaro,Centro Sur,corporativa,MXQRO-002,"Blvd. Bernardo Quintana 7001, Queretaro",Coca-Cola 500ml,Retail benchmark,True,33.63,33.96,2.69,3.36,20.0,30.0,66.92,,reproducible_seed_dataset
2026-05-04T21:50:03.401267+00:00,Rappi,Queretaro,Centro Sur,corporativa,MXQRO-002,"Blvd. Bernardo Quintana 7001, Queretaro",Agua 1L,Retail benchmark,True,29.84,29.67,2.39,0.0,19.0,34.0,61.9,,reproducible_seed_dataset
2026-05-04T21:50:03.401267+00:00,Uber Eats,Ciudad de Mexico,Roma Norte,alta demanda,MXCDMX-001,"Av. Alvaro Obregon 120, Roma Norte, CDMX",Big Mac,McDonald's,True,97.69,34.96,9.77,0.0,34.0,42.0,142.42,,reproducible_seed_dataset
2026-05-04T21:50:03.401267+00:00,Uber Eats,Ciudad de Mexico,Roma Norte,alta demanda,MXCDMX-001,"Av. Alvaro Obregon 120, Roma Norte, CDMX",Combo mediano,McDonald's,True,152.01,33.46,15.2,24.32,31.0,43.0,176.35,,reproducible_seed_dataset
2026-05-04T21:50:03.401267+00:00,Uber Eats,Ciudad de Mexico,Roma Norte,alta demanda,MXCDMX-001,"Av. Alvaro Obregon 120, Roma Norte, CDMX",Nuggets 10 piezas,McDonald's,True,118.0,18.76,11.8,0.0,35.0,43.0,148.56,,reproducible_seed_dataset
2026-05-04T21:50:03.401267+00:00,Uber Eats,Ciudad de Mexico,Roma Norte,alta demanda,MXCDMX-001,"Av. Alvaro Obregon 120, Roma Norte, CDMX",Coca-Cola 500ml,Retail benchmark,True,35.19,28.47,3.52,2.82,31.0,43.0,64.36,,reproducible_seed_dataset
2026-05-04T21:50:03.401267+00:00,Uber Eats,Ciudad de Mexico,Roma Norte,alta demanda,MXCDMX-001,"Av. Alvaro Obregon 120, Roma Norte, CDMX",Agua 1L,Retail benchmark,True,29.29,36.89,2.93,4.69,38.0,46.0,64.42,,reproducible_seed_dataset
2026-05-04T21:50:03.401267+00:00,Uber Eats,Ciudad de Mexico,Condesa,alta demanda,MXCDMX-002,"Av. Tamaulipas 150, Condesa, CDMX",Big Mac,McDonald's,True,96.89,32.17,9.69,0.0,37.0,49.0,138.75,,reproducible_seed_dataset
2026-05-04T21:50:03.401267+00:00,Uber Eats,Ciudad de Mexico,Condesa,alta demanda,MXCDMX-002,"Av. Tamaulipas 150, Condesa, CDMX",Combo mediano,McDonald's,True,153.98,23.21,15.4,12.32,34.0,42.0,180.27,,reproducible_seed_dataset
2026-05-04T21:50:03.401267+00:00,Uber Eats,Ciudad de Mexico,Condesa,alta demanda,MXCDMX-002,"Av. Tamaulipas 150, Condesa, CDMX",Nuggets 10 piezas,McDonald's,True,115.53,20.68,11.55,9.24,37.0,49.0,138.52,,reproducible_seed_dataset
2026-05-04T21:50:03.401267+00:00,Uber Eats,Ciudad de Mexico,Condesa,alta demanda,MXCDMX-002,"Av. Tamaulipas 150, Condesa, CDMX",Coca-Cola 500ml,Retail benchmark,True,33.08,33.91,3.31,0.0,19.0,34.0,70.3,,reproducible_seed_dataset
2026-05-04T21:50:03.401267+00:00,Uber Eats,Ciudad de Mexico,Condesa,alta demanda,MXCDMX-002,"Av. Tamaulipas 150, Condesa, CDMX",Agua 1L,Retail benchmark,True,31.12,32.9,3.11,0.0,20.0,35.0,67.13,,reproducible_seed_dataset
2026-05-04T21:50:03.401267+00:00,Uber Eats,Ciudad de Mexico,Polanco,premium,MXCDMX-003,"Av. Presidente Masaryk 320, Polanco, CDMX",Big Mac,McDonald's,True,106.36,36.33,10.64,0.0,32.0,40.0,153.33,,reproducible_seed_dataset
2026-05-04T21:50:03.401267+00:00,Uber Eats,Ciudad de Mexico,Polanco,premium,MXCDMX-003,"Av. Presidente Masaryk 320, Polanco, CDMX",Combo mediano,McDonald's,True,174.37,45.76,17.44,0.0,26.0,41.0,237.57,,reproducible_seed_dataset
2026-05-04T21:50:03.401267+00:00,Uber Eats,Ciudad de Mexico,Polanco,premium,MXCDMX-003,"Av. Presidente Masaryk 320, Polanco, CDMX",Nuggets 10 piezas,McDonald's,True,124.53,20.8,12.45,9.96,17.0,32.0,147.82,,reproducible_seed_dataset
2026-05-04T21:50:03.401267+00:00,Uber Eats,Ciudad de Mexico,Polanco,premium,MXCDMX-003,"Av. Presidente Masaryk 320, Polanco, CDMX",Coca-Cola 500ml,Retail benchmark,True,37.96,33.32,3.8,3.04,33.0,48.0,72.04,,reproducible_seed_dataset
2026-05-04T21:50:03.401267+00:00,Uber Eats,Ciudad de Mexico,Polanco,premium,MXCDMX-003,"Av. Presidente Masaryk 320, Polanco, CDMX",Agua 1L,Retail benchmark,True,31.66,49.55,3.17,5.07,34.0,42.0,79.31,,reproducible_seed_dataset
2026-05-04T21:50:03.401267+00:00,Uber Eats,Ciudad de Mexico,Santa Fe,corporativa,MXCDMX-004,"Av. Vasco de Quiroga 3800, Santa Fe, CDMX",Big Mac,McDonald's,True,96.12,37.59,9.61,7.69,28.0,40.0,135.63,,reproducible_seed_dataset
2026-05-04T21:50:03.401267+00:00,Uber Eats,Ciudad de Mexico,Santa Fe,corporativa,MXCDMX-004,"Av. Vasco de Quiroga 3800, Santa Fe, CDMX",Combo mediano,McDonald's,True,166.86,21.08,16.69,13.35,36.0,44.0,191.28,,reproducible_seed_dataset
2026-05-04T21:50:03.401267+00:00,Uber Eats,Ciudad de Mexico,Santa Fe,corporativa,MXCDMX-004,"Av. Vasco de Quiroga 3800, Santa Fe, CDMX",Nuggets 10 piezas,McDonald's,False,,,,,,,,,reproducible_seed_dataset
2026-05-04T21:50:03.401267+00:00,Uber Eats,Ciudad de Mexico,Santa Fe,corporativa,MXCDMX-004,"Av. Vasco de Quiroga 3800, Santa Fe, CDMX",Coca-Cola 500ml,Retail benchmark,True,35.35,18.57,3.54,0.0,39.0,49.0,57.46,,reproducible_seed_dataset
2026-05-04T21:50:03.401267+00:00,Uber Eats,Ciudad de Mexico,Santa Fe,corporativa,MXCDMX-004,"Av. Vasco de Quiroga 3800, Santa Fe, CDMX",Agua 1L,Retail benchmark,True,32.19,36.01,3.22,0.0,27.0,35.0,71.42,,reproducible_seed_dataset
2026-05-04T21:50:03.401267+00:00,Uber Eats,Ciudad de Mexico,Coyoacan,residencial,MXCDMX-005,"Miguel Angel de Quevedo 687, Coyoacan, CDMX",Big Mac,McDonald's,True,90.0,34.02,9.0,14.4,19.0,29.0,118.62,,reproducible_seed_dataset
2026-05-04T21:50:03.401267+00:00,Uber Eats,Ciudad de Mexico,Coyoacan,residencial,MXCDMX-005,"Miguel Angel de Quevedo 687, Coyoacan, CDMX",Combo mediano,McDonald's,True,152.47,16.97,15.25,24.4,33.0,43.0,160.29,,reproducible_seed_dataset
2026-05-04T21:50:03.401267+00:00,Uber Eats,Ciudad de Mexico,Coyoacan,residencial,MXCDMX-005,"Miguel Angel de Quevedo 687, Coyoacan, CDMX",Nuggets 10 piezas,McDonald's,True,107.51,35.65,10.75,8.6,31.0,39.0,145.31,,reproducible_seed_dataset
2026-05-04T21:50:03.401267+00:00,Uber Eats,Ciudad de Mexico,Coyoacan,residencial,MXCDMX-005,"Miguel Angel de Quevedo 687, Coyoacan, CDMX",Coca-Cola 500ml,Retail benchmark,True,32.31,25.64,3.23,2.58,24.0,36.0,58.6,,reproducible_seed_dataset
2026-05-04T21:50:03.401267+00:00,Uber Eats,Ciudad de Mexico,Coyoacan,residencial,MXCDMX-005,"Miguel Angel de Quevedo 687, Coyoacan, CDMX",Agua 1L,Retail benchmark,True,27.97,35.67,2.8,2.24,32.0,42.0,64.2,,reproducible_seed_dataset
2026-05-04T21:50:03.401267+00:00,Uber Eats,Ciudad de Mexico,Narvarte,residencial,MXCDMX-006,"Av. Universidad 740, Narvarte, CDMX",Big Mac,McDonald's,True,92.12,42.22,9.21,14.74,37.0,52.0,128.81,,reproducible_seed_dataset
2026-05-04T21:50:03.401267+00:00,Uber Eats,Ciudad de Mexico,Narvarte,residencial,MXCDMX-006,"Av. Universidad 740, Narvarte, CDMX",Combo mediano,McDonald's,True,145.64,34.9,14.56,23.3,28.0,38.0,171.8,,reproducible_seed_dataset
2026-05-04T21:50:03.401267+00:00,Uber Eats,Ciudad de Mexico,Narvarte,residencial,MXCDMX-006,"Av. Universidad 740, Narvarte, CDMX",Nuggets 10 piezas,McDonald's,True,107.59,24.98,10.76,8.61,25.0,33.0,134.72,,reproducible_seed_dataset
2026-05-04T21:50:03.401267+00:00,Uber Eats,Ciudad de Mexico,Narvarte,residencial,MXCDMX-006,"Av. Universidad 740, Narvarte, CDMX",Coca-Cola 500ml,Retail benchmark,True,32.09,36.49,3.21,5.13,22.0,37.0,66.66,,reproducible_seed_dataset
2026-05-04T21:50:03.401267+00:00,Uber Eats,Ciudad de Mexico,Narvarte,residencial,MXCDMX-006,"Av. Universidad 740, Narvarte, CDMX",Agua 1L,Retail benchmark,True,28.97,28.64,2.9,0.0,36.0,51.0,60.51,,reproducible_seed_dataset
2026-05-04T21:50:03.401267+00:00,Uber Eats,Ciudad de Mexico,Iztapalapa,periferica,MXCDMX-007,"Av. Ermita Iztapalapa 1800, Iztapalapa, CDMX",Big Mac,McDonald's,True,86.18,35.35,8.62,0.0,38.0,48.0,130.15,,reproducible_seed_dataset
2026-05-04T21:50:03.401267+00:00,Uber Eats,Ciudad de Mexico,Iztapalapa,periferica,MXCDMX-007,"Av. Ermita Iztapalapa 1800, Iztapalapa, CDMX",Combo mediano,McDonald's,True,133.53,16.41,13.35,10.68,33.0,48.0,152.61,,reproducible_seed_dataset
2026-05-04T21:50:03.401267+00:00,Uber Eats,Ciudad de Mexico,Iztapalapa,periferica,MXCDMX-007,"Av. Ermita Iztapalapa 1800, Iztapalapa, CDMX",Nuggets 10 piezas,McDonald's,True,106.65,17.73,10.67,17.06,40.0,50.0,117.99,,reproducible_seed_dataset
2026-05-04T21:50:03.401267+00:00,Uber Eats,Ciudad de Mexico,Iztapalapa,periferica,MXCDMX-007,"Av. Ermita Iztapalapa 1800, Iztapalapa, CDMX",Coca-Cola 500ml,Retail benchmark,True,31.49,38.04,3.15,5.04,39.0,47.0,67.64,,reproducible_seed_dataset
2026-05-04T21:50:03.401267+00:00,Uber Eats,Ciudad de Mexico,Iztapalapa,periferica,MXCDMX-007,"Av. Ermita Iztapalapa 1800, Iztapalapa, CDMX",Agua 1L,Retail benchmark,True,26.64,25.45,2.66,4.26,35.0,43.0,50.49,,reproducible_seed_dataset
2026-05-04T21:50:03.401267+00:00,Uber Eats,Ciudad de Mexico,Lindavista,residencial,MXCDMX-008,"Av. Montevideo 303, Lindavista, CDMX",Big Mac,McDonald's,True,93.89,43.73,9.39,15.02,21.0,31.0,131.99,,reproducible_seed_dataset
2026-05-04T21:50:03.401267+00:00,Uber Eats,Ciudad de Mexico,Lindavista,residencial,MXCDMX-008,"Av. Montevideo 303, Lindavista, CDMX",Combo mediano,McDonald's,True,146.07,33.55,14.61,23.37,31.0,39.0,170.86,,reproducible_seed_dataset
2026-05-04T21:50:03.401267+00:00,Uber Eats,Ciudad de Mexico,Lindavista,residencial,MXCDMX-008,"Av. Montevideo 303, Lindavista, CDMX",Nuggets 10 piezas,McDonald's,True,110.03,27.1,11.0,8.8,17.0,27.0,139.33,,reproducible_seed_dataset
2026-05-04T21:50:03.401267+00:00,Uber Eats,Ciudad de Mexico,Lindavista,residencial,MXCDMX-008,"Av. Montevideo 303, Lindavista, CDMX",Coca-Cola 500ml,Retail benchmark,True,34.51,32.52,3.45,5.52,39.0,54.0,64.96,,reproducible_seed_dataset
2026-05-04T21:50:03.401267+00:00,Uber Eats,Ciudad de Mexico,Lindavista,residencial,MXCDMX-008,"Av. Montevideo 303, Lindavista, CDMX",Agua 1L,Retail benchmark,True,27.45,24.94,2.75,2.2,27.0,37.0,52.94,,reproducible_seed_dataset
2026-05-04T21:50:03.401267+00:00,Uber Eats,Ciudad de Mexico,Tlalpan,periferica,MXCDMX-009,"Calz. de Tlalpan 4500, Tlalpan, CDMX",Big Mac,McDonald's,True,88.01,39.89,8.8,7.04,22.0,34.0,129.66,,reproducible_seed_dataset
2026-05-04T21:50:03.401267+00:00,Uber Eats,Ciudad de Mexico,Tlalpan,periferica,MXCDMX-009,"Calz. de Tlalpan 4500, Tlalpan, CDMX",Combo mediano,McDonald's,True,145.01,28.86,14.5,11.6,30.0,38.0,176.77,,reproducible_seed_dataset
2026-05-04T21:50:03.401267+00:00,Uber Eats,Ciudad de Mexico,Tlalpan,periferica,MXCDMX-009,"Calz. de Tlalpan 4500, Tlalpan, CDMX",Nuggets 10 piezas,McDonald's,True,106.86,31.57,10.69,0.0,21.0,29.0,149.12,,reproducible_seed_dataset
2026-05-04T21:50:03.401267+00:00,Uber Eats,Ciudad de Mexico,Tlalpan,periferica,MXCDMX-009,"Calz. de Tlalpan 4500, Tlalpan, CDMX",Coca-Cola 500ml,Retail benchmark,True,31.18,22.8,3.12,0.0,38.0,48.0,57.1,,reproducible_seed_dataset
2026-05-04T21:50:03.401267+00:00,Uber Eats,Ciudad de Mexico,Tlalpan,periferica,MXCDMX-009,"Calz. de Tlalpan 4500, Tlalpan, CDMX",Agua 1L,Retail benchmark,True,27.23,39.76,2.72,0.0,44.0,59.0,69.71,,reproducible_seed_dataset
2026-05-04T21:50:03.401267+00:00,Uber Eats,Ciudad de Mexico,Centro Historico,turistica,MXCDMX-010,"5 de Mayo 49, Centro Historico, CDMX",Big Mac,McDonald's,True,97.22,39.86,9.72,0.0,37.0,49.0,146.8,,reproducible_seed_dataset
2026-05-04T21:50:03.401267+00:00,Uber Eats,Ciudad de Mexico,Centro Historico,turistica,MXCDMX-010,"5 de Mayo 49, Centro Historico, CDMX",Combo mediano,McDonald's,True,162.35,27.83,16.23,25.98,23.0,31.0,180.43,,reproducible_seed_dataset
2026-05-04T21:50:03.401267+00:00,Uber Eats,Ciudad de Mexico,Centro Historico,turistica,MXCDMX-010,"5 de Mayo 49, Centro Historico, CDMX",Nuggets 10 piezas,McDonald's,True,115.55,35.15,11.55,18.49,28.0,38.0,143.76,,reproducible_seed_dataset
2026-05-04T21:50:03.401267+00:00,Uber Eats,Ciudad de Mexico,Centro Historico,turistica,MXCDMX-010,"5 de Mayo 49, Centro Historico, CDMX",Coca-Cola 500ml,Retail benchmark,True,34.56,27.61,3.46,5.53,25.0,37.0,60.1,,reproducible_seed_dataset
2026-05-04T21:50:03.401267+00:00,Uber Eats,Ciudad de Mexico,Centro Historico,turistica,MXCDMX-010,"5 de Mayo 49, Centro Historico, CDMX",Agua 1L,Retail benchmark,True,31.73,24.84,3.17,2.54,22.0,37.0,57.2,,reproducible_seed_dataset
2026-05-04T21:50:03.401267+00:00,Uber Eats,Guadalajara,Providencia,premium,MXGDL-001,"Av. Americas 1254, Providencia, Guadalajara",Big Mac,McDonald's,True,101.5,40.53,10.15,8.12,38.0,48.0,144.06,,reproducible_seed_dataset
2026-05-04T21:50:03.401267+00:00,Uber Eats,Guadalajara,Providencia,premium,MXGDL-001,"Av. Americas 1254, Providencia, Guadalajara",Combo mediano,McDonald's,True,169.59,33.47,16.96,27.13,17.0,32.0,192.89,,reproducible_seed_dataset
2026-05-04T21:50:03.401267+00:00,Uber Eats,Guadalajara,Providencia,premium,MXGDL-001,"Av. Americas 1254, Providencia, Guadalajara",Nuggets 10 piezas,McDonald's,True,127.98,23.94,12.8,10.24,39.0,51.0,154.48,,reproducible_seed_dataset
2026-05-04T21:50:03.401267+00:00,Uber Eats,Guadalajara,Providencia,premium,MXGDL-001,"Av. Americas 1254, Providencia, Guadalajara",Coca-Cola 500ml,Retail benchmark,True,36.65,26.85,3.67,2.93,21.0,36.0,64.24,,reproducible_seed_dataset
2026-05-04T21:50:03.401267+00:00,Uber Eats,Guadalajara,Providencia,premium,MXGDL-001,"Av. Americas 1254, Providencia, Guadalajara",Agua 1L,Retail benchmark,True,31.05,31.0,3.11,2.48,30.0,42.0,62.68,,reproducible_seed_dataset
2026-05-04T21:50:03.401267+00:00,Uber Eats,Guadalajara,Chapalita,residencial,MXGDL-002,"Av. Guadalupe 1450, Chapalita, Guadalajara",Big Mac,McDonald's,True,94.61,43.44,9.46,0.0,32.0,47.0,147.51,,reproducible_seed_dataset
2026-05-04T21:50:03.401267+00:00,Uber Eats,Guadalajara,Chapalita,residencial,MXGDL-002,"Av. Guadalupe 1450, Chapalita, Guadalajara",Combo mediano,McDonald's,False,,,,,,,,,reproducible_seed_dataset
2026-05-04T21:50:03.401267+00:00,Uber Eats,Guadalajara,Chapalita,residencial,MXGDL-002,"Av. Guadalupe 1450, Chapalita, Guadalajara",Nuggets 10 piezas,McDonald's,True,111.89,36.69,11.19,17.9,26.0,36.0,141.87,,reproducible_seed_dataset
2026-05-04T21:50:03.401267+00:00,Uber Eats,Guadalajara,Chapalita,residencial,MXGDL-002,"Av. Guadalupe 1450, Chapalita, Guadalajara",Coca-Cola 500ml,Retail benchmark,False,,,,,,,,,reproducible_seed_dataset
2026-05-04T21:50:03.401267+00:00,Uber Eats,Guadalajara,Chapalita,residencial,MXGDL-002,"Av. Guadalupe 1450, Chapalita, Guadalajara",Agua 1L,Retail benchmark,True,28.48,43.69,2.85,4.56,39.0,54.0,70.46,,reproducible_seed_dataset
2026-05-04T21:50:03.401267+00:00,Uber Eats,Guadalajara,Centro,alta demanda,MXGDL-003,"Av. Juarez 211, Centro, Guadalajara",Big Mac,McDonald's,True,93.15,34.67,9.32,7.45,28.0,36.0,129.69,,reproducible_seed_dataset
2026-05-04T21:50:03.401267+00:00,Uber Eats,Guadalajara,Centro,alta demanda,MXGDL-003,"Av. Juarez 211, Centro, Guadalajara",Combo mediano,McDonald's,True,160.09,36.57,16.01,12.81,27.0,35.0,199.86,,reproducible_seed_dataset
2026-05-04T21:50:03.401267+00:00,Uber Eats,Guadalajara,Centro,alta demanda,MXGDL-003,"Av. Juarez 211, Centro, Guadalajara",Nuggets 10 piezas,McDonald's,True,115.42,29.09,11.54,18.47,19.0,34.0,137.58,,reproducible_seed_dataset
2026-05-04T21:50:03.401267+00:00,Uber Eats,Guadalajara,Centro,alta demanda,MXGDL-003,"Av. Juarez 211, Centro, Guadalajara",Coca-Cola 500ml,Retail benchmark,True,32.55,35.1,3.25,0.0,20.0,32.0,70.9,,reproducible_seed_dataset
2026-05-04T21:50:03.401267+00:00,Uber Eats,Guadalajara,Centro,alta demanda,MXGDL-003,"Av. Juarez 211, Centro, Guadalajara",Agua 1L,Retail benchmark,True,30.0,25.99,3.0,4.8,31.0,39.0,54.19,,reproducible_seed_dataset
2026-05-04T21:50:03.401267+00:00,Uber Eats,Monterrey,San Pedro,premium,MXMTY-001,"Calzada del Valle 400, San Pedro Garza Garcia",Big Mac,McDonald's,True,101.18,24.68,10.12,0.0,30.0,45.0,135.98,,reproducible_seed_dataset
2026-05-04T21:50:03.401267+00:00,Uber Eats,Monterrey,San Pedro,premium,MXMTY-001,"Calzada del Valle 400, San Pedro Garza Garcia",Combo mediano,McDonald's,True,171.3,49.64,17.13,0.0,34.0,44.0,238.07,,reproducible_seed_dataset
2026-05-04T21:50:03.401267+00:00,Uber Eats,Monterrey,San Pedro,premium,MXMTY-001,"Calzada del Valle 400, San Pedro Garza Garcia",Nuggets 10 piezas,McDonald's,True,125.19,23.92,12.52,10.02,33.0,41.0,151.61,,reproducible_seed_dataset
2026-05-04T21:50:03.401267+00:00,Uber Eats,Monterrey,San Pedro,premium,MXMTY-001,"Calzada del Valle 400, San Pedro Garza Garcia",Coca-Cola 500ml,Retail benchmark,True,35.66,42.78,3.57,0.0,32.0,44.0,82.01,,reproducible_seed_dataset
2026-05-04T21:50:03.401267+00:00,Uber Eats,Monterrey,San Pedro,premium,MXMTY-001,"Calzada del Valle 400, San Pedro Garza Garcia",Agua 1L,Retail benchmark,True,32.06,38.12,3.21,2.56,23.0,31.0,70.83,,reproducible_seed_dataset
2026-05-04T21:50:03.401267+00:00,Uber Eats,Monterrey,Tecnologico,universitaria,MXMTY-002,"Av. Eugenio Garza Sada 2501, Monterrey",Big Mac,McDonald's,True,84.94,21.58,8.49,13.59,20.0,28.0,101.42,,reproducible_seed_dataset
2026-05-04T21:50:03.401267+00:00,Uber Eats,Monterrey,Tecnologico,universitaria,MXMTY-002,"Av. Eugenio Garza Sada 2501, Monterrey",Combo mediano,McDonald's,True,147.28,29.62,14.73,23.56,34.0,49.0,168.07,,reproducible_seed_dataset
2026-05-04T21:50:03.401267+00:00,Uber Eats,Monterrey,Tecnologico,universitaria,MXMTY-002,"Av. Eugenio Garza Sada 2501, Monterrey",Nuggets 10 piezas,McDonald's,True,111.88,33.65,11.19,17.9,24.0,36.0,138.82,,reproducible_seed_dataset
2026-05-04T21:50:03.401267+00:00,Uber Eats,Monterrey,Tecnologico,universitaria,MXMTY-002,"Av. Eugenio Garza Sada 2501, Monterrey",Coca-Cola 500ml,Retail benchmark,True,30.29,28.21,3.03,2.42,35.0,43.0,59.11,,reproducible_seed_dataset
2026-05-04T21:50:03.401267+00:00,Uber Eats,Monterrey,Tecnologico,universitaria,MXMTY-002,"Av. Eugenio Garza Sada 2501, Monterrey",Agua 1L,Retail benchmark,True,26.52,28.74,2.65,0.0,18.0,30.0,57.91,,reproducible_seed_dataset
2026-05-04T21:50:03.401267+00:00,Uber Eats,Monterrey,Centro,alta demanda,MXMTY-003,"Padre Mier 201, Centro, Monterrey",Big Mac,McDonald's,True,93.72,27.94,9.37,7.5,24.0,34.0,123.53,,reproducible_seed_dataset
2026-05-04T21:50:03.401267+00:00,Uber Eats,Monterrey,Centro,alta demanda,MXMTY-003,"Padre Mier 201, Centro, Monterrey",Combo mediano,McDonald's,True,157.91,23.0,15.79,0.0,20.0,32.0,196.7,,reproducible_seed_dataset
2026-05-04T21:50:03.401267+00:00,Uber Eats,Monterrey,Centro,alta demanda,MXMTY-003,"Padre Mier 201, Centro, Monterrey",Nuggets 10 piezas,McDonald's,True,111.09,39.82,11.11,17.77,37.0,45.0,144.25,,reproducible_seed_dataset
2026-05-04T21:50:03.401267+00:00,Uber Eats,Monterrey,Centro,alta demanda,MXMTY-003,"Padre Mier 201, Centro, Monterrey",Coca-Cola 500ml,Retail benchmark,True,35.22,35.38,3.52,5.64,25.0,35.0,68.48,,reproducible_seed_dataset
2026-05-04T21:50:03.401267+00:00,Uber Eats,Monterrey,Centro,alta demanda,MXMTY-003,"Padre Mier 201, Centro, Monterrey",Agua 1L,Retail benchmark,True,30.28,35.57,3.03,0.0,33.0,41.0,68.88,,reproducible_seed_dataset
2026-05-04T21:50:03.401267+00:00,Uber Eats,Puebla,Angelopolis,premium,MXPUE-001,"Blvd. del Nino Poblano 2510, Puebla",Big Mac,McDonald's,True,99.02,41.23,9.9,7.92,31.0,39.0,142.23,,reproducible_seed_dataset
2026-05-04T21:50:03.401267+00:00,Uber Eats,Puebla,Angelopolis,premium,MXPUE-001,"Blvd. del Nino Poblano 2510, Puebla",Combo mediano,McDonald's,False,,,,,,,,,reproducible_seed_dataset
2026-05-04T21:50:03.401267+00:00,Uber Eats,Puebla,Angelopolis,premium,MXPUE-001,"Blvd. del Nino Poblano 2510, Puebla",Nuggets 10 piezas,McDonald's,True,123.13,28.46,12.31,0.0,22.0,37.0,163.9,,reproducible_seed_dataset
2026-05-04T21:50:03.401267+00:00,Uber Eats,Puebla,Angelopolis,premium,MXPUE-001,"Blvd. del Nino Poblano 2510, Puebla",Coca-Cola 500ml,Retail benchmark,True,38.15,34.74,3.81,6.1,17.0,27.0,70.6,,reproducible_seed_dataset
2026-05-04T21:50:03.401267+00:00,Uber Eats,Puebla,Angelopolis,premium,MXPUE-001,"Blvd. del Nino Poblano 2510, Puebla",Agua 1L,Retail benchmark,True,31.64,19.0,3.16,2.53,22.0,37.0,51.27,,reproducible_seed_dataset
2026-05-04T21:50:03.401267+00:00,Uber Eats,Puebla,Centro,alta demanda,MXPUE-002,"Av. Reforma 113, Centro, Puebla",Big Mac,McDonald's,True,96.56,19.72,9.66,15.45,40.0,50.0,110.49,,reproducible_seed_dataset
2026-05-04T21:50:03.401267+00:00,Uber Eats,Puebla,Centro,alta demanda,MXPUE-002,"Av. Reforma 113, Centro, Puebla",Combo mediano,McDonald's,True,151.14,19.75,15.11,24.18,24.0,39.0,161.82,,reproducible_seed_dataset
2026-05-04T21:50:03.401267+00:00,Uber Eats,Puebla,Centro,alta demanda,MXPUE-002,"Av. Reforma 113, Centro, Puebla",Nuggets 10 piezas,McDonald's,True,114.81,37.46,11.48,9.18,27.0,39.0,154.57,,reproducible_seed_dataset
2026-05-04T21:50:03.401267+00:00,Uber Eats,Puebla,Centro,alta demanda,MXPUE-002,"Av. Reforma 113, Centro, Puebla",Coca-Cola 500ml,Retail benchmark,True,33.74,36.0,3.37,0.0,19.0,34.0,73.11,,reproducible_seed_dataset
2026-05-04T21:50:03.401267+00:00,Uber Eats,Puebla,Centro,alta demanda,MXPUE-002,"Av. Reforma 113, Centro, Puebla",Agua 1L,Retail benchmark,True,30.6,37.16,3.06,0.0,20.0,35.0,70.82,,reproducible_seed_dataset
2026-05-04T21:50:03.401267+00:00,Uber Eats,Queretaro,Juriquilla,residencial,MXQRO-001,"Blvd. Universitario 1000, Juriquilla, Queretaro",Big Mac,McDonald's,True,87.93,25.64,8.79,14.07,33.0,48.0,108.29,,reproducible_seed_dataset
2026-05-04T21:50:03.401267+00:00,Uber Eats,Queretaro,Juriquilla,residencial,MXQRO-001,"Blvd. Universitario 1000, Juriquilla, Queretaro",Combo mediano,McDonald's,True,154.16,19.0,15.42,12.33,32.0,47.0,176.25,,reproducible_seed_dataset
2026-05-04T21:50:03.401267+00:00,Uber Eats,Queretaro,Juriquilla,residencial,MXQRO-001,"Blvd. Universitario 1000, Juriquilla, Queretaro",Nuggets 10 piezas,McDonald's,True,112.48,20.54,11.25,18.0,32.0,42.0,126.27,,reproducible_seed_dataset
2026-05-04T21:50:03.401267+00:00,Uber Eats,Queretaro,Juriquilla,residencial,MXQRO-001,"Blvd. Universitario 1000, Juriquilla, Queretaro",Coca-Cola 500ml,Retail benchmark,True,31.76,31.1,3.18,0.0,36.0,46.0,66.04,,reproducible_seed_dataset
2026-05-04T21:50:03.401267+00:00,Uber Eats,Queretaro,Juriquilla,residencial,MXQRO-001,"Blvd. Universitario 1000, Juriquilla, Queretaro",Agua 1L,Retail benchmark,True,27.88,43.28,2.79,0.0,25.0,37.0,73.95,,reproducible_seed_dataset
2026-05-04T21:50:03.401267+00:00,Uber Eats,Queretaro,Centro Sur,corporativa,MXQRO-002,"Blvd. Bernardo Quintana 7001, Queretaro",Big Mac,McDonald's,True,98.22,47.59,9.82,0.0,36.0,48.0,155.63,,reproducible_seed_dataset
2026-05-04T21:50:03.401267+00:00,Uber Eats,Queretaro,Centro Sur,corporativa,MXQRO-002,"Blvd. Bernardo Quintana 7001, Queretaro",Combo mediano,McDonald's,True,155.89,48.61,15.59,12.47,28.0,40.0,207.62,,reproducible_seed_dataset
2026-05-04T21:50:03.401267+00:00,Uber Eats,Queretaro,Centro Sur,corporativa,MXQRO-002,"Blvd. Bernardo Quintana 7001, Queretaro",Nuggets 10 piezas,McDonald's,True,116.35,30.25,11.63,9.31,39.0,49.0,148.92,,reproducible_seed_dataset
2026-05-04T21:50:03.401267+00:00,Uber Eats,Queretaro,Centro Sur,corporativa,MXQRO-002,"Blvd. Bernardo Quintana 7001, Queretaro",Coca-Cola 500ml,Retail benchmark,True,34.01,26.84,3.4,5.44,37.0,52.0,58.81,,reproducible_seed_dataset
2026-05-04T21:50:03.401267+00:00,Uber Eats,Queretaro,Centro Sur,corporativa,MXQRO-002,"Blvd. Bernardo Quintana 7001, Queretaro",Agua 1L,Retail benchmark,True,29.64,21.55,2.96,0.0,37.0,49.0,54.15,,reproducible_seed_dataset
2026-05-04T21:50:03.401267+00:00,DiDi Food,Ciudad de Mexico,Roma Norte,alta demanda,MXCDMX-001,"Av. Alvaro Obregon 120, Roma Norte, CDMX",Big Mac,McDonald's,True,86.88,35.32,5.21,0.0,31.0,43.0,127.41,,reproducible_seed_dataset
2026-05-04T21:50:03.401267+00:00,DiDi Food,Ciudad de Mexico,Roma Norte,alta demanda,MXCDMX-001,"Av. Alvaro Obregon 120, Roma Norte, CDMX",Combo mediano,McDonald's,True,148.35,30.74,8.9,32.64,27.0,35.0,155.35,,reproducible_seed_dataset
2026-05-04T21:50:03.401267+00:00,DiDi Food,Ciudad de Mexico,Roma Norte,alta demanda,MXCDMX-001,"Av. Alvaro Obregon 120, Roma Norte, CDMX",Nuggets 10 piezas,McDonald's,True,104.9,24.33,6.29,11.54,21.0,33.0,123.98,,reproducible_seed_dataset
2026-05-04T21:50:03.401267+00:00,DiDi Food,Ciudad de Mexico,Roma Norte,alta demanda,MXCDMX-001,"Av. Alvaro Obregon 120, Roma Norte, CDMX",Coca-Cola 500ml,Retail benchmark,True,32.29,39.45,1.94,7.1,31.0,43.0,66.58,,reproducible_seed_dataset
2026-05-04T21:50:03.401267+00:00,DiDi Food,Ciudad de Mexico,Roma Norte,alta demanda,MXCDMX-001,"Av. Alvaro Obregon 120, Roma Norte, CDMX",Agua 1L,Retail benchmark,True,28.94,30.27,1.74,6.37,34.0,49.0,54.58,,reproducible_seed_dataset
2026-05-04T21:50:03.401267+00:00,DiDi Food,Ciudad de Mexico,Condesa,alta demanda,MXCDMX-002,"Av. Tamaulipas 150, Condesa, CDMX",Big Mac,McDonald's,True,86.83,29.97,5.21,19.1,30.0,40.0,102.91,,reproducible_seed_dataset
2026-05-04T21:50:03.401267+00:00,DiDi Food,Ciudad de Mexico,Condesa,alta demanda,MXCDMX-002,"Av. Tamaulipas 150, Condesa, CDMX",Combo mediano,McDonald's,True,150.02,34.28,9.0,33.0,27.0,39.0,160.3,,reproducible_seed_dataset
2026-05-04T21:50:03.401267+00:00,DiDi Food,Ciudad de Mexico,Condesa,alta demanda,MXCDMX-002,"Av. Tamaulipas 150, Condesa, CDMX",Nuggets 10 piezas,McDonald's,True,110.18,19.16,6.61,0.0,21.0,29.0,135.95,,reproducible_seed_dataset
2026-05-04T21:50:03.401267+00:00,DiDi Food,Ciudad de Mexico,Condesa,alta demanda,MXCDMX-002,"Av. Tamaulipas 150, Condesa, CDMX",Coca-Cola 500ml,Retail benchmark,True,31.43,21.8,1.89,0.0,37.0,45.0,55.12,,reproducible_seed_dataset
2026-05-04T21:50:03.401267+00:00,DiDi Food,Ciudad de Mexico,Condesa,alta demanda,MXCDMX-002,"Av. Tamaulipas 150, Condesa, CDMX",Agua 1L,Retail benchmark,True,29.39,38.79,1.76,0.0,32.0,44.0,69.94,,reproducible_seed_dataset
2026-05-04T21:50:03.401267+00:00,DiDi Food,Ciudad de Mexico,Polanco,premium,MXCDMX-003,"Av. Presidente Masaryk 320, Polanco, CDMX",Big Mac,McDonald's,True,93.37,34.22,5.6,20.54,43.0,53.0,112.65,,reproducible_seed_dataset
2026-05-04T21:50:03.401267+00:00,DiDi Food,Ciudad de Mexico,Polanco,premium,MXCDMX-003,"Av. Presidente Masaryk 320, Polanco, CDMX",Combo mediano,McDonald's,False,,,,,,,,,reproducible_seed_dataset
2026-05-04T21:50:03.401267+00:00,DiDi Food,Ciudad de Mexico,Polanco,premium,MXCDMX-003,"Av. Presidente Masaryk 320, Polanco, CDMX",Nuggets 10 piezas,McDonald's,True,124.83,33.8,7.49,27.46,34.0,42.0,138.66,,reproducible_seed_dataset
2026-05-04T21:50:03.401267+00:00,DiDi Food,Ciudad de Mexico,Polanco,premium,MXCDMX-003,"Av. Presidente Masaryk 320, Polanco, CDMX",Coca-Cola 500ml,Retail benchmark,True,35.4,32.44,2.12,3.89,24.0,36.0,66.07,,reproducible_seed_dataset
2026-05-04T21:50:03.401267+00:00,DiDi Food,Ciudad de Mexico,Polanco,premium,MXCDMX-003,"Av. Presidente Masaryk 320, Polanco, CDMX",Agua 1L,Retail benchmark,True,30.41,36.75,1.82,3.35,31.0,39.0,65.63,,reproducible_seed_dataset
2026-05-04T21:50:03.401267+00:00,DiDi Food,Ciudad de Mexico,Santa Fe,corporativa,MXCDMX-004,"Av. Vasco de Quiroga 3800, Santa Fe, CDMX",Big Mac,McDonald's,True,97.89,38.9,5.87,0.0,42.0,52.0,142.66,,reproducible_seed_dataset
2026-05-04T21:50:03.401267+00:00,DiDi Food,Ciudad de Mexico,Santa Fe,corporativa,MXCDMX-004,"Av. Vasco de Quiroga 3800, Santa Fe, CDMX",Combo mediano,McDonald's,True,155.96,26.57,9.36,34.31,42.0,57.0,157.58,,reproducible_seed_dataset
2026-05-04T21:50:03.401267+00:00,DiDi Food,Ciudad de Mexico,Santa Fe,corporativa,MXCDMX-004,"Av. Vasco de Quiroga 3800, Santa Fe, CDMX",Nuggets 10 piezas,McDonald's,True,118.18,42.51,7.09,0.0,41.0,51.0,167.78,,reproducible_seed_dataset
2026-05-04T21:50:03.401267+00:00,DiDi Food,Ciudad de Mexico,Santa Fe,corporativa,MXCDMX-004,"Av. Vasco de Quiroga 3800, Santa Fe, CDMX",Coca-Cola 500ml,Retail benchmark,True,32.27,37.24,1.94,3.55,39.0,54.0,67.9,,reproducible_seed_dataset
2026-05-04T21:50:03.401267+00:00,DiDi Food,Ciudad de Mexico,Santa Fe,corporativa,MXCDMX-004,"Av. Vasco de Quiroga 3800, Santa Fe, CDMX",Agua 1L,Retail benchmark,True,30.69,39.31,1.84,3.38,23.0,31.0,68.46,,reproducible_seed_dataset
2026-05-04T21:50:03.401267+00:00,DiDi Food,Ciudad de Mexico,Coyoacan,residencial,MXCDMX-005,"Miguel Angel de Quevedo 687, Coyoacan, CDMX",Big Mac,McDonald's,True,85.47,29.62,5.13,0.0,27.0,37.0,120.22,,reproducible_seed_dataset
2026-05-04T21:50:03.401267+00:00,DiDi Food,Ciudad de Mexico,Coyoacan,residencial,MXCDMX-005,"Miguel Angel de Quevedo 687, Coyoacan, CDMX",Combo mediano,McDonald's,True,143.18,32.37,8.59,15.75,30.0,40.0,168.39,,reproducible_seed_dataset
2026-05-04T21:50:03.401267+00:00,DiDi Food,Ciudad de Mexico,Coyoacan,residencial,MXCDMX-005,"Miguel Angel de Quevedo 687, Coyoacan, CDMX",Nuggets 10 piezas,McDonald's,True,109.89,40.24,6.59,24.18,23.0,31.0,132.54,,reproducible_seed_dataset
2026-05-04T21:50:03.401267+00:00,DiDi Food,Ciudad de Mexico,Coyoacan,residencial,MXCDMX-005,"Miguel Angel de Quevedo 687, Coyoacan, CDMX",Coca-Cola 500ml,Retail benchmark,True,31.86,31.46,1.91,0.0,40.0,50.0,65.23,,reproducible_seed_dataset
2026-05-04T21:50:03.401267+00:00,DiDi Food,Ciudad de Mexico,Coyoacan,residencial,MXCDMX-005,"Miguel Angel de Quevedo 687, Coyoacan, CDMX",Agua 1L,Retail benchmark,True,26.68,20.62,1.6,0.0,20.0,35.0,48.9,,reproducible_seed_dataset
2026-05-04T21:50:03.401267+00:00,DiDi Food,Ciudad de Mexico,Narvarte,residencial,MXCDMX-006,"Av. Universidad 740, Narvarte, CDMX",Big Mac,McDonald's,True,87.92,33.42,5.28,19.34,29.0,37.0,107.28,,reproducible_seed_dataset
2026-05-04T21:50:03.401267+00:00,DiDi Food,Ciudad de Mexico,Narvarte,residencial,MXCDMX-006,"Av. Universidad 740, Narvarte, CDMX",Combo mediano,McDonald's,True,139.22,25.54,8.35,15.31,33.0,43.0,157.8,,reproducible_seed_dataset
2026-05-04T21:50:03.401267+00:00,DiDi Food,Ciudad de Mexico,Narvarte,residencial,MXCDMX-006,"Av. Universidad 740, Narvarte, CDMX",Nuggets 10 piezas,McDonald's,True,104.39,28.01,6.26,11.48,28.0,43.0,127.18,,reproducible_seed_dataset
2026-05-04T21:50:03.401267+00:00,DiDi Food,Ciudad de Mexico,Narvarte,residencial,MXCDMX-006,"Av. Universidad 740, Narvarte, CDMX",Coca-Cola 500ml,Retail benchmark,True,32.41,39.2,1.94,7.13,33.0,48.0,66.42,,reproducible_seed_dataset
2026-05-04T21:50:03.401267+00:00,DiDi Food,Ciudad de Mexico,Narvarte,residencial,MXCDMX-006,"Av. Universidad 740, Narvarte, CDMX",Agua 1L,Retail benchmark,True,27.87,17.65,1.67,3.07,22.0,37.0,44.12,,reproducible_seed_dataset
2026-05-04T21:50:03.401267+00:00,DiDi Food,Ciudad de Mexico,Iztapalapa,periferica,MXCDMX-007,"Av. Ermita Iztapalapa 1800, Iztapalapa, CDMX",Big Mac,McDonald's,True,83.68,16.93,5.02,9.2,39.0,54.0,96.43,,reproducible_seed_dataset
2026-05-04T21:50:03.401267+00:00,DiDi Food,Ciudad de Mexico,Iztapalapa,periferica,MXCDMX-007,"Av. Ermita Iztapalapa 1800, Iztapalapa, CDMX",Combo mediano,McDonald's,True,131.27,32.0,7.88,28.88,29.0,44.0,142.27,,reproducible_seed_dataset
2026-05-04T21:50:03.401267+00:00,DiDi Food,Ciudad de Mexico,Iztapalapa,periferica,MXCDMX-007,"Av. Ermita Iztapalapa 1800, Iztapalapa, CDMX",Nuggets 10 piezas,McDonald's,True,102.52,28.61,6.15,11.28,45.0,53.0,126.0,,reproducible_seed_dataset
2026-05-04T21:50:03.401267+00:00,DiDi Food,Ciudad de Mexico,Iztapalapa,periferica,MXCDMX-007,"Av. Ermita Iztapalapa 1800, Iztapalapa, CDMX",Coca-Cola 500ml,Retail benchmark,True,29.01,32.4,1.74,6.38,38.0,53.0,56.77,,reproducible_seed_dataset
2026-05-04T21:50:03.401267+00:00,DiDi Food,Ciudad de Mexico,Iztapalapa,periferica,MXCDMX-007,"Av. Ermita Iztapalapa 1800, Iztapalapa, CDMX",Agua 1L,Retail benchmark,True,25.5,22.19,1.53,2.81,27.0,39.0,46.41,,reproducible_seed_dataset
2026-05-04T21:50:03.401267+00:00,DiDi Food,Ciudad de Mexico,Lindavista,residencial,MXCDMX-008,"Av. Montevideo 303, Lindavista, CDMX",Big Mac,McDonald's,True,85.06,37.71,5.1,0.0,40.0,55.0,127.87,,reproducible_seed_dataset
2026-05-04T21:50:03.401267+00:00,DiDi Food,Ciudad de Mexico,Lindavista,residencial,MXCDMX-008,"Av. Montevideo 303, Lindavista, CDMX",Combo mediano,McDonald's,True,143.14,33.19,8.59,0.0,23.0,35.0,184.92,,reproducible_seed_dataset
2026-05-04T21:50:03.401267+00:00,DiDi Food,Ciudad de Mexico,Lindavista,residencial,MXCDMX-008,"Av. Montevideo 303, Lindavista, CDMX",Nuggets 10 piezas,McDonald's,True,104.12,29.88,6.25,11.45,35.0,45.0,128.8,,reproducible_seed_dataset
2026-05-04T21:50:03.401267+00:00,DiDi Food,Ciudad de Mexico,Lindavista,residencial,MXCDMX-008,"Av. Montevideo 303, Lindavista, CDMX",Coca-Cola 500ml,Retail benchmark,True,30.98,38.92,1.86,3.41,41.0,56.0,68.35,,reproducible_seed_dataset
2026-05-04T21:50:03.401267+00:00,DiDi Food,Ciudad de Mexico,Lindavista,residencial,MXCDMX-008,"Av. Montevideo 303, Lindavista, CDMX",Agua 1L,Retail benchmark,True,27.76,31.21,1.67,6.11,22.0,32.0,54.53,,reproducible_seed_dataset
2026-05-04T21:50:03.401267+00:00,DiDi Food,Ciudad de Mexico,Tlalpan,periferica,MXCDMX-009,"Calz. de Tlalpan 4500, Tlalpan, CDMX",Big Mac,McDonald's,True,81.02,16.59,4.86,8.91,33.0,45.0,93.56,,reproducible_seed_dataset
2026-05-04T21:50:03.401267+00:00,DiDi Food,Ciudad de Mexico,Tlalpan,periferica,MXCDMX-009,"Calz. de Tlalpan 4500, Tlalpan, CDMX",Combo mediano,McDonald's,True,136.79,22.31,8.21,30.09,35.0,50.0,137.22,,reproducible_seed_dataset
2026-05-04T21:50:03.401267+00:00,DiDi Food,Ciudad de Mexico,Tlalpan,periferica,MXCDMX-009,"Calz. de Tlalpan 4500, Tlalpan, CDMX",Nuggets 10 piezas,McDonald's,True,99.8,25.31,5.99,10.98,28.0,36.0,120.12,,reproducible_seed_dataset
2026-05-04T21:50:03.401267+00:00,DiDi Food,Ciudad de Mexico,Tlalpan,periferica,MXCDMX-009,"Calz. de Tlalpan 4500, Tlalpan, CDMX",Coca-Cola 500ml,Retail benchmark,True,28.88,26.74,1.73,0.0,40.0,55.0,57.35,,reproducible_seed_dataset
2026-05-04T21:50:03.401267+00:00,DiDi Food,Ciudad de Mexico,Tlalpan,periferica,MXCDMX-009,"Calz. de Tlalpan 4500, Tlalpan, CDMX",Agua 1L,Retail benchmark,True,24.72,23.08,1.48,2.72,39.0,47.0,46.56,,reproducible_seed_dataset
2026-05-04T21:50:03.401267+00:00,DiDi Food,Ciudad de Mexico,Centro Historico,turistica,MXCDMX-010,"5 de Mayo 49, Centro Historico, CDMX",Big Mac,McDonald's,False,,,,,,,,,reproducible_seed_dataset
2026-05-04T21:50:03.401267+00:00,DiDi Food,Ciudad de Mexico,Centro Historico,turistica,MXCDMX-010,"5 de Mayo 49, Centro Historico, CDMX",Combo mediano,McDonald's,True,142.32,29.86,8.54,31.31,28.0,36.0,149.41,,reproducible_seed_dataset
2026-05-04T21:50:03.401267+00:00,DiDi Food,Ciudad de Mexico,Centro Historico,turistica,MXCDMX-010,"5 de Mayo 49, Centro Historico, CDMX",Nuggets 10 piezas,McDonald's,True,111.46,30.5,6.69,12.26,19.0,29.0,136.39,,reproducible_seed_dataset
2026-05-04T21:50:03.401267+00:00,DiDi Food,Ciudad de Mexico,Centro Historico,turistica,MXCDMX-010,"5 de Mayo 49, Centro Historico, CDMX",Coca-Cola 500ml,Retail benchmark,True,33.42,20.44,2.01,3.68,39.0,51.0,52.19,,reproducible_seed_dataset
2026-05-04T21:50:03.401267+00:00,DiDi Food,Ciudad de Mexico,Centro Historico,turistica,MXCDMX-010,"5 de Mayo 49, Centro Historico, CDMX",Agua 1L,Retail benchmark,True,29.35,33.86,1.76,3.23,41.0,56.0,61.74,,reproducible_seed_dataset
2026-05-04T21:50:03.401267+00:00,DiDi Food,Guadalajara,Providencia,premium,MXGDL-001,"Av. Americas 1254, Providencia, Guadalajara",Big Mac,McDonald's,False,,,,,,,,,reproducible_seed_dataset
2026-05-04T21:50:03.401267+00:00,DiDi Food,Guadalajara,Providencia,premium,MXGDL-001,"Av. Americas 1254, Providencia, Guadalajara",Combo mediano,McDonald's,True,162.97,41.4,9.78,17.93,39.0,49.0,196.22,,reproducible_seed_dataset
2026-05-04T21:50:03.401267+00:00,DiDi Food,Guadalajara,Providencia,premium,MXGDL-001,"Av. Americas 1254, Providencia, Guadalajara",Nuggets 10 piezas,McDonald's,True,117.85,35.73,7.07,25.93,25.0,35.0,134.72,,reproducible_seed_dataset
2026-05-04T21:50:03.401267+00:00,DiDi Food,Guadalajara,Providencia,premium,MXGDL-001,"Av. Americas 1254, Providencia, Guadalajara",Coca-Cola 500ml,Retail benchmark,True,36.51,36.01,2.19,4.02,39.0,47.0,70.69,,reproducible_seed_dataset
2026-05-04T21:50:03.401267+00:00,DiDi Food,Guadalajara,Providencia,premium,MXGDL-001,"Av. Americas 1254, Providencia, Guadalajara",Agua 1L,Retail benchmark,True,31.43,19.94,1.89,3.46,27.0,42.0,49.8,,reproducible_seed_dataset
2026-05-04T21:50:03.401267+00:00,DiDi Food,Guadalajara,Chapalita,residencial,MXGDL-002,"Av. Guadalupe 1450, Chapalita, Guadalajara",Big Mac,McDonald's,True,89.15,38.32,5.35,19.61,22.0,37.0,113.21,,reproducible_seed_dataset
2026-05-04T21:50:03.401267+00:00,DiDi Food,Guadalajara,Chapalita,residencial,MXGDL-002,"Av. Guadalupe 1450, Chapalita, Guadalajara",Combo mediano,McDonald's,True,148.23,22.7,8.89,32.61,29.0,44.0,147.21,,reproducible_seed_dataset
2026-05-04T21:50:03.401267+00:00,DiDi Food,Guadalajara,Chapalita,residencial,MXGDL-002,"Av. Guadalupe 1450, Chapalita, Guadalajara",Nuggets 10 piezas,McDonald's,True,104.0,24.84,6.24,22.88,28.0,40.0,112.2,,reproducible_seed_dataset
2026-05-04T21:50:03.401267+00:00,DiDi Food,Guadalajara,Chapalita,residencial,MXGDL-002,"Av. Guadalupe 1450, Chapalita, Guadalajara",Coca-Cola 500ml,Retail benchmark,True,30.65,40.46,1.84,3.37,21.0,31.0,69.58,,reproducible_seed_dataset
2026-05-04T21:50:03.401267+00:00,DiDi Food,Guadalajara,Chapalita,residencial,MXGDL-002,"Av. Guadalupe 1450, Chapalita, Guadalajara",Agua 1L,Retail benchmark,True,27.7,16.03,1.66,3.05,25.0,35.0,42.34,,reproducible_seed_dataset
2026-05-04T21:50:03.401267+00:00,DiDi Food,Guadalajara,Centro,alta demanda,MXGDL-003,"Av. Juarez 211, Centro, Guadalajara",Big Mac,McDonald's,True,86.38,33.34,5.18,19.0,38.0,48.0,105.9,,reproducible_seed_dataset
2026-05-04T21:50:03.401267+00:00,DiDi Food,Guadalajara,Centro,alta demanda,MXGDL-003,"Av. Juarez 211, Centro, Guadalajara",Combo mediano,McDonald's,True,151.94,26.94,9.12,16.71,29.0,37.0,171.29,,reproducible_seed_dataset
2026-05-04T21:50:03.401267+00:00,DiDi Food,Guadalajara,Centro,alta demanda,MXGDL-003,"Av. Juarez 211, Centro, Guadalajara",Nuggets 10 piezas,McDonald's,True,107.95,22.72,6.48,0.0,37.0,52.0,137.15,,reproducible_seed_dataset
2026-05-04T21:50:03.401267+00:00,DiDi Food,Guadalajara,Centro,alta demanda,MXGDL-003,"Av. Juarez 211, Centro, Guadalajara",Coca-Cola 500ml,Retail benchmark,True,33.35,18.42,2.0,0.0,38.0,50.0,53.77,,reproducible_seed_dataset
2026-05-04T21:50:03.401267+00:00,DiDi Food,Guadalajara,Centro,alta demanda,MXGDL-003,"Av. Juarez 211, Centro, Guadalajara",Agua 1L,Retail benchmark,True,28.41,31.53,1.7,6.25,33.0,41.0,55.39,,reproducible_seed_dataset
2026-05-04T21:50:03.401267+00:00,DiDi Food,Monterrey,San Pedro,premium,MXMTY-001,"Calzada del Valle 400, San Pedro Garza Garcia",Big Mac,McDonald's,True,93.89,36.94,5.63,20.66,32.0,44.0,115.8,,reproducible_seed_dataset
2026-05-04T21:50:03.401267+00:00,DiDi Food,Monterrey,San Pedro,premium,MXMTY-001,"Calzada del Valle 400, San Pedro Garza Garcia",Combo mediano,McDonald's,False,,,,,,,,,reproducible_seed_dataset
2026-05-04T21:50:03.401267+00:00,DiDi Food,Monterrey,San Pedro,premium,MXMTY-001,"Calzada del Valle 400, San Pedro Garza Garcia",Nuggets 10 piezas,McDonald's,True,122.73,25.7,7.36,0.0,19.0,34.0,155.79,,reproducible_seed_dataset
2026-05-04T21:50:03.401267+00:00,DiDi Food,Monterrey,San Pedro,premium,MXMTY-001,"Calzada del Valle 400, San Pedro Garza Garcia",Coca-Cola 500ml,Retail benchmark,True,34.7,37.67,2.08,7.63,33.0,45.0,66.82,,reproducible_seed_dataset
2026-05-04T21:50:03.401267+00:00,DiDi Food,Monterrey,San Pedro,premium,MXMTY-001,"Calzada del Valle 400, San Pedro Garza Garcia",Agua 1L,Retail benchmark,True,31.82,18.56,1.91,0.0,31.0,39.0,52.29,,reproducible_seed_dataset
2026-05-04T21:50:03.401267+00:00,DiDi Food,Monterrey,Tecnologico,universitaria,MXMTY-002,"Av. Eugenio Garza Sada 2501, Monterrey",Big Mac,McDonald's,True,86.72,36.04,5.2,19.08,34.0,49.0,108.88,,reproducible_seed_dataset
2026-05-04T21:50:03.401267+00:00,DiDi Food,Monterrey,Tecnologico,universitaria,MXMTY-002,"Av. Eugenio Garza Sada 2501, Monterrey",Combo mediano,McDonald's,True,137.11,34.47,8.23,0.0,31.0,41.0,179.81,,reproducible_seed_dataset
2026-05-04T21:50:03.401267+00:00,DiDi Food,Monterrey,Tecnologico,universitaria,MXMTY-002,"Av. Eugenio Garza Sada 2501, Monterrey",Nuggets 10 piezas,McDonald's,True,102.27,18.6,6.14,0.0,31.0,43.0,127.01,,reproducible_seed_dataset
2026-05-04T21:50:03.401267+00:00,DiDi Food,Monterrey,Tecnologico,universitaria,MXMTY-002,"Av. Eugenio Garza Sada 2501, Monterrey",Coca-Cola 500ml,Retail benchmark,True,28.86,30.86,1.73,0.0,25.0,40.0,61.45,,reproducible_seed_dataset
2026-05-04T21:50:03.401267+00:00,DiDi Food,Monterrey,Tecnologico,universitaria,MXMTY-002,"Av. Eugenio Garza Sada 2501, Monterrey",Agua 1L,Retail benchmark,True,26.4,29.96,1.58,2.9,29.0,41.0,55.04,,reproducible_seed_dataset
2026-05-04T21:50:03.401267+00:00,DiDi Food,Monterrey,Centro,alta demanda,MXMTY-003,"Padre Mier 201, Centro, Monterrey",Big Mac,McDonald's,True,91.38,22.26,5.48,10.05,35.0,50.0,109.07,,reproducible_seed_dataset
2026-05-04T21:50:03.401267+00:00,DiDi Food,Monterrey,Centro,alta demanda,MXMTY-003,"Padre Mier 201, Centro, Monterrey",Combo mediano,McDonald's,True,142.54,41.6,8.55,15.68,42.0,52.0,177.01,,reproducible_seed_dataset
2026-05-04T21:50:03.401267+00:00,DiDi Food,Monterrey,Centro,alta demanda,MXMTY-003,"Padre Mier 201, Centro, Monterrey",Nuggets 10 piezas,McDonald's,True,114.86,42.1,6.89,12.63,39.0,54.0,151.22,,reproducible_seed_dataset
2026-05-04T21:50:03.401267+00:00,DiDi Food,Monterrey,Centro,alta demanda,MXMTY-003,"Padre Mier 201, Centro, Monterrey",Coca-Cola 500ml,Retail benchmark,True,32.03,20.25,1.92,0.0,40.0,50.0,54.2,,reproducible_seed_dataset
2026-05-04T21:50:03.401267+00:00,DiDi Food,Monterrey,Centro,alta demanda,MXMTY-003,"Padre Mier 201, Centro, Monterrey",Agua 1L,Retail benchmark,True,27.0,28.72,1.62,2.97,33.0,41.0,54.37,,reproducible_seed_dataset
2026-05-04T21:50:03.401267+00:00,DiDi Food,Puebla,Angelopolis,premium,MXPUE-001,"Blvd. del Nino Poblano 2510, Puebla",Big Mac,McDonald's,True,99.28,32.46,5.96,10.92,21.0,29.0,126.78,,reproducible_seed_dataset
2026-05-04T21:50:03.401267+00:00,DiDi Food,Puebla,Angelopolis,premium,MXPUE-001,"Blvd. del Nino Poblano 2510, Puebla",Combo mediano,McDonald's,True,158.63,35.71,9.52,17.45,26.0,34.0,186.41,,reproducible_seed_dataset
2026-05-04T21:50:03.401267+00:00,DiDi Food,Puebla,Angelopolis,premium,MXPUE-001,"Blvd. del Nino Poblano 2510, Puebla",Nuggets 10 piezas,McDonald's,True,114.48,24.31,6.87,25.19,35.0,47.0,120.47,,reproducible_seed_dataset
2026-05-04T21:50:03.401267+00:00,DiDi Food,Puebla,Angelopolis,premium,MXPUE-001,"Blvd. del Nino Poblano 2510, Puebla",Coca-Cola 500ml,Retail benchmark,True,34.6,27.12,2.08,7.61,23.0,38.0,56.19,,reproducible_seed_dataset
2026-05-04T21:50:03.401267+00:00,DiDi Food,Puebla,Angelopolis,premium,MXPUE-001,"Blvd. del Nino Poblano 2510, Puebla",Agua 1L,Retail benchmark,True,30.66,22.6,1.84,0.0,21.0,36.0,55.1,,reproducible_seed_dataset
2026-05-04T21:50:03.401267+00:00,DiDi Food,Puebla,Centro,alta demanda,MXPUE-002,"Av. Reforma 113, Centro, Puebla",Big Mac,McDonald's,False,,,,,,,,,reproducible_seed_dataset
2026-05-04T21:50:03.401267+00:00,DiDi Food,Puebla,Centro,alta demanda,MXPUE-002,"Av. Reforma 113, Centro, Puebla",Combo mediano,McDonald's,True,148.91,41.16,8.93,16.38,30.0,38.0,182.62,,reproducible_seed_dataset
2026-05-04T21:50:03.401267+00:00,DiDi Food,Puebla,Centro,alta demanda,MXPUE-002,"Av. Reforma 113, Centro, Puebla",Nuggets 10 piezas,McDonald's,True,110.31,26.52,6.62,24.27,26.0,34.0,119.18,,reproducible_seed_dataset
2026-05-04T21:50:03.401267+00:00,DiDi Food,Puebla,Centro,alta demanda,MXPUE-002,"Av. Reforma 113, Centro, Puebla",Coca-Cola 500ml,Retail benchmark,False,,,,,,,,,reproducible_seed_dataset
2026-05-04T21:50:03.401267+00:00,DiDi Food,Puebla,Centro,alta demanda,MXPUE-002,"Av. Reforma 113, Centro, Puebla",Agua 1L,Retail benchmark,True,27.46,32.2,1.65,6.04,43.0,58.0,55.27,,reproducible_seed_dataset
2026-05-04T21:50:03.401267+00:00,DiDi Food,Queretaro,Juriquilla,residencial,MXQRO-001,"Blvd. Universitario 1000, Juriquilla, Queretaro",Big Mac,McDonald's,True,85.04,31.86,5.1,18.71,26.0,38.0,103.29,,reproducible_seed_dataset
2026-05-04T21:50:03.401267+00:00,DiDi Food,Queretaro,Juriquilla,residencial,MXQRO-001,"Blvd. Universitario 1000, Juriquilla, Queretaro",Combo mediano,McDonald's,True,136.34,32.02,8.18,29.99,43.0,53.0,146.55,,reproducible_seed_dataset
2026-05-04T21:50:03.401267+00:00,DiDi Food,Queretaro,Juriquilla,residencial,MXQRO-001,"Blvd. Universitario 1000, Juriquilla, Queretaro",Nuggets 10 piezas,McDonald's,True,108.1,38.75,6.49,11.89,41.0,49.0,141.45,,reproducible_seed_dataset
2026-05-04T21:50:03.401267+00:00,DiDi Food,Queretaro,Juriquilla,residencial,MXQRO-001,"Blvd. Universitario 1000, Juriquilla, Queretaro",Coca-Cola 500ml,Retail benchmark,True,29.89,16.65,1.79,6.58,39.0,51.0,41.75,,reproducible_seed_dataset
2026-05-04T21:50:03.401267+00:00,DiDi Food,Queretaro,Juriquilla,residencial,MXQRO-001,"Blvd. Universitario 1000, Juriquilla, Queretaro",Agua 1L,Retail benchmark,True,28.16,26.23,1.69,6.2,20.0,32.0,49.88,,reproducible_seed_dataset
2026-05-04T21:50:03.401267+00:00,DiDi Food,Queretaro,Centro Sur,corporativa,MXQRO-002,"Blvd. Bernardo Quintana 7001, Queretaro",Big Mac,McDonald's,True,92.92,27.88,5.58,20.44,34.0,46.0,105.94,,reproducible_seed_dataset
2026-05-04T21:50:03.401267+00:00,DiDi Food,Queretaro,Centro Sur,corporativa,MXQRO-002,"Blvd. Bernardo Quintana 7001, Queretaro",Combo mediano,McDonald's,True,146.94,30.77,8.82,32.33,26.0,34.0,154.2,,reproducible_seed_dataset
2026-05-04T21:50:03.401267+00:00,DiDi Food,Queretaro,Centro Sur,corporativa,MXQRO-002,"Blvd. Bernardo Quintana 7001, Queretaro",Nuggets 10 piezas,McDonald's,True,110.72,27.12,6.64,12.18,33.0,45.0,132.3,,reproducible_seed_dataset
2026-05-04T21:50:03.401267+00:00,DiDi Food,Queretaro,Centro Sur,corporativa,MXQRO-002,"Blvd. Bernardo Quintana 7001, Queretaro",Coca-Cola 500ml,Retail benchmark,True,32.85,30.9,1.97,7.23,20.0,28.0,58.49,,reproducible_seed_dataset
2026-05-04T21:50:03.401267+00:00,DiDi Food,Queretaro,Centro Sur,corporativa,MXQRO-002,"Blvd. Bernardo Quintana 7001, Queretaro",Agua 1L,Retail benchmark,True,29.14,29.92,1.75,3.21,23.0,33.0,57.6,,reproducible_seed_dataset
